,x-centroids,y-centroids,pixel major,pixel minor,puncta major,puncta minor,aspect ratio,orientation,average background,puncta intensity,partition coeff,file number,channel number,frame number,stack number,puncta index,covariances
0,69.49985694933703,25.143183462435168,4.587102402843135,4.159661769984282,0.22417444863423455,0.2032851682607224,1.1027585069399686,2.3342029005010665,880.975,4403.0,4.9978716762677715,file 1,channel 1,1,zstack 7,0,"[4.48814581e+01 2.15193162e-02 2.16641662e-02 4.14396110e-03
 4.84285256e-03 4.08997106e-03 1.63596752e+01]"
1,99.9167505227128,25.152442033024705,6.864116771343376,3.7359217288933846,0.33545350799737195,0.18257673802883503,1.8373288493323419,0.975041777721062,1001.0978260869565,3158.0,3.1545368671349934,file 1,channel 1,1,zstack 7,1,"[6.85867523e+01 5.58639141e-02 7.97253078e-02 1.27822388e-02
 1.24727704e-02 6.55426623e-03 3.12521639e+01]"
2,86.4361036215812,37.39320203503632,5.361108856302762,3.8780787272888677,0.26200060874701214,0.18952403589492434,1.3824136211001234,0.8739872628015897,1276.7666666666667,6569.0,5.145027804610605,file 1,channel 1,1,zstack 7,2,"[9.14672619e+01 3.01542217e-02 3.40299958e-02 6.29807751e-03
 6.95170225e-03 4.91028052e-03 3.57584259e+01]"
3,170.40338683210283,39.48254389328101,4.20941263846031,3.5941949750062467,0.20571652307477126,0.1756504664701978,1.1711698079075394,2.29406801717962,1053.0116279069769,3290.0,3.124371956404112,file 1,channel 1,1,zstack 7,3,"[7.89501487e+01 5.51993093e-02 5.78371986e-02 1.50767678e-02
 1.81562439e-02 1.37030047e-02 2.21376931e+01]"
4,25.932918122865985,43.919750115861696,4.480102536873762,3.4717797057401225,0.21894530093900239,0.16966795876007218,1.2904339896527746,0.8114134176672291,677.9761904761905,4571.0,6.742124670763828,file 1,channel 1,1,zstack 7,4,"[5.73883954e+01 2.27103317e-02 2.33777054e-02 5.89716783e-03
 7.40042228e-03 5.55756285e-03 1.66179712e+01]"
5,59.65360921387423,44.348508838878224,5.073482507756622,3.863570943712272,0.24794413639574206,0.18881503180071177,1.3131588837558186,2.309566964914765,1339.3975903614457,9057.0,6.761995142574436,file 1,channel 1,1,zstack 7,5,"[9.40143289e+01 2.06468687e-02 2.20022313e-02 4.25598320e-03
 4.92868402e-03 3.72556277e-03 3.50760568e+01]"
6,228.8188919052331,66.51910467810978,5.431055897385019,3.805106325252264,0.26541896264259823,0.1859578307929994,1.427307263752994,-0.7410059266100084,1175.013698630137,5790.0,4.927602126468942,file 1,channel 1,1,zstack 7,6,"[7.56837908e+01 3.01067208e-02 2.78462239e-02 4.71923764e-03
 6.54163225e-03 5.55938901e-03 2.97336107e+01]"
7,158.2655600537388,71.48041783069974,4.493957590328501,3.90090951252673,0.21962240572024486,0.19063979007765464,1.1520281554589655,1.525114794751517,752.5555555555555,4046.0,5.376347261184113,file 1,channel 1,1,zstack 7,7,"[3.97648944e+01 1.78764727e-02 2.06006786e-02 4.66757002e-03
 4.82996608e-03 3.47994153e-03 1.30408238e+01]"
8,188.1667900694284,76.24280266730261,4.46330916379795,3.836674854186289,0.21812459871363984,0.18750060375651395,1.1633274471846173,2.3127437438631953,1018.8852459016393,8538.0,8.379746428111726,file 1,channel 1,1,zstack 7,8,"[8.46268378e+01 1.78050304e-02 1.84123147e-02 4.08882808e-03
 4.83624036e-03 3.81400838e-03 2.72565057e+01]"
9,230.5297766384967,118.9962082909246,3.709601257420249,3.405113688056626,0.18129044078449488,0.16640995044798937,1.0894206764466066,-0.5747781115931119,360.94736842105266,1962.0,5.435695538057742,file 1,channel 1,1,zstack 7,9,"[2.69483543e+01 2.28318435e-02 2.16518215e-02 6.77249597e-03
 9.18546749e-03 7.54124370e-03 6.35565661e+00]"
10,156.76686435797467,129.73708406188564,4.554075760957237,3.886359718966828,0.2225604168152757,0.18992873293033405,1.1718101488989079,2.220796800014811,477.54545454545456,2510.0,5.256044165238911,file 1,channel 1,1,zstack 7,10,"[3.42519853e+01 2.70713696e-02 2.92387440e-02 6.37552637e-03
 7.13635011e-03 5.43286871e-03 1.14338109e+01]"
11,334.11079725596505,130.99914975929678,5.969637931001649,3.3784068896017136,0.2917397900031296,0.1651047731720897,1.766997915311918,2.2124832154934824,1224.2112676056338,6259.0,5.112679621256572,file 1,channel 1,1,zstack 7,11,"[8.14274088e+01 2.56020256e-02 3.35006049e-02 7.14911700e-03
 7.58673619e-03 4.10367325e-03 2.98925831e+01]"
12,421.27931212798694,157.5237753093079,4.85910487973379,3.8904198048621166,0.23746737299675047,0.19012715176581063,1.2489924284420524,-0.04061651652380128,756.8591549295775,4742.0,6.265366507248265,file 1,channel 1,1,zstack 7,12,"[5.77903113e+01 2.60480388e-02 2.08385544e-02 3.52994323e-03
 5.23903126e-03 5.61028591e-03 2.05099210e+01]"
13,96.14195381975625,166.38220693617822,4.467040318346991,3.3022139914687108,0.218306942476727,0.16138118049226996,1.3527410185674267,2.062724002910682,648.1166666666667,2708.0,4.178260086918508,file 1,channel 1,1,zstack 7,13,"[4.88224506e+01 3.23081237e-02 4.01897598e-02 1.18606749e-02
 1.22605179e-02 7.60511534e-03 1.32703263e+01]"
14,175.135239302054,170.46343688986246,4.624034842249326,3.7563693751737532,0.2259793591231455,0.18357602677981832,1.2309851296334346,-0.3458071294720159,1011.4461538461538,6499.0,6.425453273302507,file 1,channel 1,1,zstack 7,14,"[7.44032124e+01 2.34613258e-02 1.95763545e-02 3.78384462e-03
 5.53430388e-03 5.49669154e-03 2.41318047e+01]"
15,73.14293600075578,170.83763553778465,4.150999769200931,3.98766410256126,0.20286185108156513,0.19487953898219743,1.0409602369805324,-0.2739294333058556,547.9540229885057,2646.0,4.828872294009062,file 1,channel 1,1,zstack 7,15,"[3.52548594e+01 2.81773037e-02 2.71539233e-02 6.02908588e-03
 7.58750392e-03 6.50656157e-03 1.09527560e+01]"
16,260.9507283478838,173.55756955178498,3.8557212157662,3.532380610408124,0.1884314108828206,0.17262956135744711,1.0915361737648985,2.173024399124917,412.0851063829787,2268.0,5.503717472118959,file 1,channel 1,1,zstack 7,16,"[3.11043049e+01 2.31218356e-02 2.43173892e-02 7.25853951e-03
 8.75667477e-03 6.55018998e-03 7.87409979e+00]"
17,315.53779102491734,173.43421413397783,5.218091043825753,3.4860376686036942,0.2550112423799051,0.1703647539660409,1.4968544633987904,-0.7240169268381872,1162.5223880597016,6604.0,5.680750812053049,file 1,channel 1,1,zstack 7,17,"[8.75176142e+01 2.89164811e-02 2.57980043e-02 5.01781643e-03
 7.55320668e-03 6.34296438e-03 2.93343260e+01]"
18,341.0480717579809,181.35184160757404,4.415503363726871,3.6774493800548793,0.21578830056040696,0.179719159232884,1.20069725165353,2.1000267556125354,783.6117647058824,4556.0,5.814103622742354,file 1,channel 1,1,zstack 7,18,"[6.48420409e+01 2.55689675e-02 2.89678993e-02 7.18953762e-03
 7.83284286e-03 5.56084632e-03 1.96047869e+01]"
19,296.31483542316016,181.2378860870563,6.1742218665402095,2.9700271523961237,0.3017379297700449,0.14514701021377552,2.0788435760794455,2.24792553146073,707.9655172413793,2228.0,3.1470459305440555,file 1,channel 1,1,zstack 7,19,"[5.00130748e+01 5.84008304e-02 7.72557902e-02 1.90581886e-02
 2.22088131e-02 1.09403516e-02 1.59723305e+01]"
20,230.27715821036816,188.41793891867917,4.313365602931849,3.9577504728520236,0.2107967668643709,0.19341764193743988,1.0898528425475906,0.7354457888576846,572.6111111111111,3316.0,5.791015814495004,file 1,channel 1,1,zstack 7,20,"[3.42635508e+01 1.98214524e-02 1.93986093e-02 4.18024949e-03
 5.17544456e-03 4.36840079e-03 1.09767977e+01]"
21,169.86331523510202,205.90889778686252,3.778517284892229,3.671790528388646,0.1846584084259012,0.1794426077542437,1.0290666789617815,-0.4795182011677916,346.6,2522.0,7.276399307559146,file 1,channel 1,1,zstack 7,21,"[2.80026690e+01 1.88776934e-02 1.84782640e-02 5.18485135e-03
 6.67646765e-03 5.41457677e-03 7.23023187e+00]"
22,415.3026990284782,216.27528728149844,4.592002985530102,3.4892243847081934,0.22441394305257506,0.17052049069544922,1.3160526464434115,2.336540997914033,583.8039215686274,3064.0,5.248337475649897,file 1,channel 1,1,zstack 7,22,"[4.82957239e+01 3.05509043e-02 3.06701289e-02 7.36411944e-03
 9.51354124e-03 7.30603168e-03 1.43924349e+01]"
23,46.89555991212627,224.512915301512,4.3256337186356575,4.009284922616458,0.2113963170448896,0.19593616143995854,1.0789040445179312,0.7586880280651669,710.3733333333333,4352.0,6.126356094447989,file 1,channel 1,1,zstack 7,23,"[5.90117056e+01 2.63217581e-02 2.60823216e-02 5.55023593e-03
 6.74495226e-03 5.64937314e-03 1.92501079e+01]"
24,263.1940543836205,234.07890531842764,4.684341271966368,3.715316523524619,0.22892657055285717,0.18156974927059952,1.260818894515739,-0.5470348099162206,704.9285714285714,3053.0,4.330935251798561,file 1,channel 1,1,zstack 7,24,"[4.36245663e+01 3.37395281e-02 2.89812433e-02 5.70944554e-03
 8.23276874e-03 7.82282746e-03 1.42257987e+01]"
25,25.549885237861915,241.29265092383386,4.741795000269664,4.435531027207659,0.2317343687516481,0.2167670644998069,1.0690478707472395,1.255242520702869,1857.8695652173913,5988.0,3.223046500198919,file 1,channel 1,1,zstack 7,25,"[6.17697860e+01 2.50116507e-02 2.65545659e-02 4.65987589e-03
 4.94332032e-03 4.10753774e-03 2.52986285e+01]"
26,167.09437897612563,253.99590769027606,7.433586019629581,3.7726258870075235,0.3632838120842366,0.18437049227393779,1.9704010528131002,-0.6138758264099201,1089.358695652174,3008.0,2.761257620658345,file 1,channel 1,1,zstack 7,27,"[7.20267423e+01 9.61762841e-02 6.70333225e-02 7.08957129e-03
 1.42676231e-02 1.43646828e-02 3.58250809e+01]"
27,261.7960647028487,266.60486035734175,4.4214163570378044,3.990558741915766,0.21607727209381655,0.19502100174546366,1.107969245157683,0.9061736051205217,823.2888888888889,4294.0,5.215666162815807,file 1,channel 1,1,zstack 7,28,"[5.46151001e+01 2.51637679e-02 2.63710033e-02 5.66517364e-03
 6.48269777e-03 5.13733646e-03 1.81715320e+01]"
28,85.6031626334011,278.39200168120186,4.1293806450865445,3.7201734083818914,0.20180531150544975,0.18180710814976564,1.109996817831844,1.9028844813100796,422.9387755102041,2744.0,6.487936691758348,file 1,channel 1,1,zstack 7,30,"[3.18127435e+01 1.89159534e-02 2.07412522e-02 5.40278617e-03
 6.09110418e-03 4.47614515e-03 9.07146036e+00]"
29,288.33657948909706,280.67339794986685,4.794853747232144,3.9330774266521233,0.2343273815734602,0.1922118553553567,1.2191099302394293,1.954139047734356,911.0337078651686,4980.0,5.466318048395451,file 1,channel 1,1,zstack 7,31,"[3.66345665e+01 1.43917492e-02 1.70083774e-02 3.58851152e-03
 3.57987876e-03 2.53366023e-03 1.30564608e+01]"
30,435.003119625724,285.66623785086495,4.09878582034119,3.4981425994749,0.2003101240502711,0.17095632920581014,1.1717034694230164,-0.7575951084446729,761.3205128205128,2716.0,3.56748564403954,file 1,channel 1,1,zstack 7,32,"[6.31007290e+01 5.06616702e-02 4.96309077e-02 1.34211196e-02
 1.74828394e-02 1.39870613e-02 1.68141119e+01]"
31,290.19341655567234,294.98233815658506,4.944511286671508,3.3460792384284597,0.2416412353838703,0.1635249014489487,1.4777029873906327,1.7817984655483141,736.9705882352941,3282.0,4.453366324779503,file 1,channel 1,1,zstack 7,33,"[5.35674742e+01 2.80438000e-02 4.06652757e-02 1.10892217e-02
 9.42015342e-03 5.18456102e-03 1.61453939e+01]"
32,420.1665285465537,295.35677834799577,6.2996025588629765,3.3127295138032284,0.3078653594854604,0.16189508038253192,1.9016350512815108,-0.7196754911297668,1034.840579710145,3289.0,3.178267323959442,file 1,channel 1,1,zstack 7,34,"[4.33408593e+01 4.13060749e-02 3.45062067e-02 5.70919349e-03
 1.01824855e-02 8.26299668e-03 1.63194839e+01]"
33,160.34768814743381,296.6906596946776,5.350411716378218,3.758877208868002,0.261477833096078,0.1836985861182203,1.4234068896306171,1.7748212980798237,747.9142857142857,3494.0,4.671658326011384,file 1,channel 1,1,zstack 7,35,"[4.55217319e+01 2.35859881e-02 3.31449872e-02 7.01024668e-03
 5.81546650e-03 3.47091940e-03 1.69561487e+01]"
34,255.06100891956385,306.03113947314625,4.3069914248836065,3.551696439307846,0.21048525695594256,0.17357353751346766,1.2126575281650345,2.1295464378381164,633.5058823529412,2811.0,4.437212152726192,file 1,channel 1,1,zstack 7,36,"[3.38077691e+01 2.30226605e-02 2.60463318e-02 6.97346708e-03
 7.73316022e-03 5.41977590e-03 9.61492130e+00]"
35,462.26795270169526,320.5051139281202,6.5636199101418775,4.409285228836035,0.32076804596486724,0.21548441657477313,1.4885904561621077,2.2125281876986693,936.0526315789474,2473.0,2.6419454596570144,file 1,channel 1,1,zstack 7,37,"[4.68400606e+01 5.30156219e-02 6.50086825e-02 8.65092148e-03
 8.39547313e-03 5.72654053e-03 2.64170440e+01]"
36,537.6371439625931,320.1772003497421,3.639720916156825,3.3373781277596626,0.17787534654910336,0.16309967294620717,1.0905929076128156,1.1200879498826546,341.46666666666664,1857.0,5.438305349472863,file 1,channel 1,1,zstack 7,38,"[2.59346081e+01 2.15268851e-02 2.30276417e-02 8.07167258e-03
 9.73917045e-03 7.04950606e-03 5.90681855e+00]"
37,108.98727856303094,323.2281627649663,4.49918665213384,4.196541498581148,0.21987795311032704,0.20508750274073276,1.0721177554552999,1.6141589992120573,713.716049382716,3803.0,5.328449603016727,file 1,channel 1,1,zstack 7,39,"[4.49073498e+01 2.42951524e-02 2.60514041e-02 5.22778625e-03
 5.66385083e-03 4.51437436e-03 1.62542676e+01]"
38,234.29747747926862,352.7642690596732,5.236486456422238,3.6665371771423754,0.25591023723854617,0.17918587332459926,1.4281831066836337,1.8307310327326538,861.6746987951807,3427.0,3.9771389420993026,file 1,channel 1,1,zstack 7,40,"[4.24642774e+01 2.45444828e-02 3.41977409e-02 7.63283615e-03
 6.50825433e-03 3.84589159e-03 1.50532726e+01]"
39,149.14779043384488,360.44963552017066,4.570669486747433,3.4587084766853353,0.2233713621579171,0.16902915994788248,1.321496020135166,2.1194020933523183,635.7014925373135,3410.0,5.364152892561983,file 1,channel 1,1,zstack 7,41,"[3.85578185e+01 1.98100085e-02 2.37498347e-02 6.30118128e-03
 6.67364011e-03 4.34575379e-03 1.12535726e+01]"
40,287.3700155323593,364.2765899845114,5.492881955632481,3.666528680747962,0.2684404392310133,0.17918545810070283,1.4981150930236138,2.3306519154342196,1142.632911392405,4876.0,4.267337262374263,file 1,channel 1,1,zstack 7,42,"[5.83964997e+01 2.71706080e-02 2.83677012e-02 5.34392630e-03
 6.75302579e-03 4.88309830e-03 2.21946889e+01]"
41,252.74827709520895,371.9821727029006,3.7612182414229727,3.5146336038812898,0.18381299378479432,0.17176225449274854,1.0701594149869205,1.954112217262391,587.820895522388,2721.0,4.628960999390616,file 1,channel 1,1,zstack 7,43,"[5.46337156e+01 3.50274362e-02 3.70842832e-02 1.15444488e-02
 1.38667335e-02 1.02898637e-02 1.34565067e+01]"
42,138.10867474204153,401.07019560323,3.791091146929886,3.351540008408803,0.18527290061333254,0.16379177255666652,1.1311490053582165,1.9518830191039025,300.8181818181818,2048.0,6.808099123602297,file 1,channel 1,1,zstack 7,44,"[2.36165172e+01 1.78253974e-02 1.97760373e-02 6.65005064e-03
 7.68821087e-03 5.39443202e-03 5.60333690e+00]"
43,424.01017153347385,401.5681822466906,4.958299241177155,3.9902908092859533,0.24231506099918282,0.19500790771697146,1.2425909484187252,2.3275144008462254,728.3488372093024,3427.0,4.705163000095788,file 1,channel 1,1,zstack 7,45,"[4.08676601e+01 2.59377204e-02 2.67264973e-02 5.00699222e-03
 5.85186123e-03 4.69931197e-03 1.55174811e+01]"
44,268.6955459178043,407.84471186856945,4.1349389701165995,3.64312528304167,0.2020769501870214,0.17804172000283,1.134997742011307,1.7100301528983837,599.9295774647887,2338.0,3.8971240755957273,file 1,channel 1,1,zstack 7,46,"[4.35992926e+01 3.51244550e-02 3.97653984e-02 1.07996768e-02
 1.18129115e-02 8.38726874e-03 1.22009859e+01]"
45,331.13401985855717,412.8785720419454,4.462563971654726,4.0072803290422305,0.2180881807261691,0.19583819574837955,1.1136141236022066,0.6962455745775715,785.0847457627119,5604.0,7.138082901554403,file 1,channel 1,1,zstack 7,47,"[6.06928338e+01 2.10246915e-02 2.01846117e-02 4.07749484e-03
 5.09091296e-03 4.43904610e-03 2.05943470e+01]"
46,41.676227882427675,451.40638363704824,4.455664652604272,3.692187446424346,0.21775100686165527,0.18043941738545158,1.2067818108528876,1.8879952838681464,553.0677966101695,4023.0,7.273972602739726,file 1,channel 1,1,zstack 7,48,"[4.28338791e+01 1.72794899e-02 2.04375511e-02 5.08028360e-03
 5.24374649e-03 3.59838630e-03 1.30809041e+01]"
47,232.70374080544352,457.32292077538074,4.769641249449218,3.8490412762594195,0.23309523166861476,0.1881049582283269,1.2391764356667168,0.7002394236350821,888.1232876712329,3920.0,4.413801613375904,file 1,channel 1,1,zstack 7,49,"[5.05298648e+01 2.88240784e-02 2.66348943e-02 5.10339988e-03
 6.81272624e-03 6.01194513e-03 1.73330433e+01]"
48,313.9786312009596,467.74099500822456,4.4116640810322165,3.9135063826280865,0.21560067250992096,0.19125540668297358,1.1272919090193474,2.3325428719329606,898.1857142857143,2891.0,3.2187107343374737,file 1,channel 1,1,zstack 7,50,"[6.68727248e+01 5.78195362e-02 5.84626816e-02 1.26857337e-02
 1.52152858e-02 1.23934912e-02 2.17664770e+01]"
49,413.4850091682764,481.15786049938504,6.055467277288955,3.5071084587181116,0.29593432169020684,0.17139449613034477,1.7266267492344098,0.6283078030368572,747.5616438356165,2727.0,3.647859708275306,file 1,channel 1,1,zstack 7,51,"[6.31564524e+01 7.31655123e-02 5.54935540e-02 8.29434618e-03
 1.50554054e-02 1.45437247e-02 2.43547553e+01]"
50,117.07842264202053,482.50065034522,4.290154113355433,3.8446751198350904,0.2096624074320314,0.18789158154232397,1.1158690863688505,0.7409522278016587,853.7142857142857,3284.0,3.846720214190094,file 1,channel 1,1,zstack 7,52,"[6.82636252e+01 4.59560516e-02 4.48309909e-02 1.00787918e-02
 1.26735451e-02 1.05926843e-02 2.10421798e+01]"
51,452.1645787070145,484.53597245435736,4.298553139065102,3.5505772028758624,0.21007287286144122,0.17351883975701998,1.210663194588024,-0.30826455710943357,736.6909090909091,4023.0,5.460906263882719,file 1,channel 1,1,zstack 7,53,"[5.13254451e+01 2.51644766e-02 2.11963615e-02 4.85606765e-03
 7.20722495e-03 6.88841310e-03 1.45112166e+01]"
52,223.66032686823516,495.3666694976016,4.628591866552844,3.629136465480622,0.2262020636370061,0.177358078089397,1.2753975802725455,-0.2208117184643675,586.6619718309859,2776.0,4.731856048784001,file 1,channel 1,1,zstack 7,54,"[3.67705634e+01 2.95226340e-02 2.34165406e-02 4.57631579e-03
 7.10395997e-03 7.35020647e-03 1.13405599e+01]"
53,394.13683922021437,498.49567966520726,4.915561012814257,3.91881591589549,0.2402264181180214,0.19151488676172385,1.2543485374946477,1.8386247448529023,953.8860759493671,5564.0,5.832981673898908,file 1,channel 1,1,zstack 7,55,"[7.13661958e+01 2.35403515e-02 2.90666643e-02 6.09716776e-03
 5.77275340e-03 3.93411830e-03 2.58669233e+01]"
54,420.74808320026705,542.8761809099751,3.511955074184774,3.161449620632066,0.17163135313822575,0.15450194117114838,1.1108685873927138,1.060696425010924,300.6363636363636,1895.0,6.303296038705776,file 1,channel 1,1,zstack 7,56,"[2.69508791e+01 2.05200202e-02 2.21069840e-02 8.79830741e-03
 1.06858428e-02 7.57737214e-03 5.67788171e+00]"
55,349.6316115212377,546.2689336143577,4.815553173889295,3.8967818195968325,0.23533897498263187,0.1904380672458038,1.2357769556591496,0.5818284482015911,606.0882352941177,2418.0,3.9895181249090115,file 1,channel 1,1,zstack 7,57,"[3.13516124e+01 2.98063137e-02 2.62178111e-02 4.74796655e-03
 6.57091432e-03 6.18575957e-03 1.10134502e+01]"
56,445.96113903846356,550.570927020508,7.151925164544461,3.5556123985457804,0.3495188769802332,0.1737649127926622,2.0114467953451696,0.5507226444380346,1142.9054054054054,3578.0,3.130617794856636,file 1,channel 1,1,zstack 7,58,"[7.45876817e+01 8.45752242e-02 5.36258455e-02 6.09748760e-03
 1.29153829e-02 1.39172421e-02 3.19783420e+01]"
57,436.1832192208295,596.0237415355286,4.0734333669856415,3.7629729205957045,0.19907113443255894,0.18389874600951756,1.0825040341615824,2.327120931387558,485.2916666666667,2313.0,4.766205889928737,file 1,channel 1,1,zstack 7,59,"[3.51158021e+01 2.99397740e-02 3.02744965e-02 7.60478712e-03
 9.32607666e-03 7.43521881e-03 1.00356016e+01]"
58,423.41565418708564,619.0119162057556,4.4370884524027225,3.4348140770070286,0.21684317680420542,0.16786142628882783,1.291798727070852,-0.4301618175490314,588.5272727272727,3156.0,5.36253823102351,file 1,channel 1,1,zstack 7,60,"[4.67252308e+01 3.15998711e-02 2.57887527e-02 5.83703676e-03
 9.08527029e-03 8.83854069e-03 1.31394738e+01]"
59,297.175638637652,620.5492730737983,4.780476856979631,4.259667938874925,0.23362477431458706,0.20817252978053205,1.122265144978006,-0.7652042662193275,922.7333333333333,3811.0,4.130120656021964,file 1,channel 1,1,zstack 7,61,"[4.10593819e+01 2.57125396e-02 2.56120461e-02 4.52645553e-03
 5.25172675e-03 4.56237151e-03 1.62258225e+01]"
60,288.3500184070001,632.621644784966,4.103987850783733,3.2598599522435623,0.20056435040142317,0.15931131316494684,1.2589460623789097,1.2464758858849159,391.8,1991.0,5.081674323634507,file 1,channel 1,1,zstack 7,62,"[2.67739010e+01 2.02289509e-02 2.48022739e-02 8.19450645e-03
 8.54840617e-03 5.42607636e-03 6.63726659e+00]"
61,354.975839558244,632.6382353483863,5.204801576512222,4.216488026577011,0.254361778132975,0.2060623015402687,1.2343925901617072,-0.5063373084403545,740.4675324675325,3196.0,4.316191946120387,file 1,channel 1,1,zstack 7,63,"[6.49813099e+01 5.12172681e-02 4.40486219e-02 6.57738749e-03
 8.80965438e-03 9.06696342e-03 2.80048456e+01]"
62,642.786551086348,48.67124053946952,3.906050456916011,3.372720839761216,0.19089103111670622,0.16482689250234267,1.1581303767769153,2.1771937149850995,258.5217391304348,1451.0,5.612680793810965,file 2,channel 1,1,zstack 7,0,"[1.80429873e+01 1.97923137e-02 2.15089020e-02 6.83663641e-03
 8.08292783e-03 5.77825621e-03 4.42445096e+00]"
63,23.740260374063684,90.34753827741186,4.207769639357351,3.646439511416379,0.20563622872211323,0.17820368833344494,1.1539392402324358,0.9030754568967435,369.4366197183099,2698.0,7.303011818528402,file 2,channel 1,1,zstack 7,1,"[2.96040697e+01 1.85580884e-02 1.97860059e-02 5.10932340e-03
 5.99051308e-03 4.48131125e-03 8.44350737e+00]"
64,239.87224905366853,144.79243920075913,4.662187183845613,3.4485943528528704,0.22784388696454522,0.16853487664342523,1.3519094178150557,1.1268905521838644,495.34090909090907,3120.0,6.298692360633173,file 2,channel 1,1,zstack 7,2,"[4.29102490e+01 2.24420364e-02 2.83681593e-02 7.55455158e-03
 7.50523053e-03 4.67330633e-03 1.27392571e+01]"
65,133.457524083778,167.65453219634537,3.9409005211260375,3.532333678811299,0.19259417467947212,0.17262726778213142,1.1156648492087615,0.8096282762864055,318.39285714285717,1936.0,6.080538418395961,file 2,channel 1,1,zstack 7,3,"[2.40292012e+01 2.05539642e-02 2.07758081e-02 5.90694114e-03
 7.43556993e-03 5.78336127e-03 6.20560608e+00]"
66,294.2338389914215,173.59194477709332,4.04779973821354,3.5154109014710198,0.1978184036034153,0.17180024149266693,1.151444269721,1.7339896375185857,423.1290322580645,2852.0,6.740260730349927,file 2,channel 1,1,zstack 7,4,"[3.45972697e+01 1.88625331e-02 2.16348725e-02 6.36253334e-03
 6.95800905e-03 4.81481095e-03 9.12234479e+00]"
67,305.9269695367942,179.0635008411016,4.3767785439846945,3.503072254025819,0.21389579536828787,0.17119724438359746,1.2494114384751243,2.076161158369848,594.6617647058823,2993.0,5.0331132378762025,file 2,channel 1,1,zstack 7,5,"[7.46608875e+01 4.45325353e-02 5.21647259e-02 1.41774299e-02
 1.52077825e-02 1.02625533e-02 2.12461858e+01]"
68,183.8072476842278,205.9941746686553,4.484247517248982,3.991198988439878,0.2191478686186859,0.19505229097751653,1.1235339381066118,1.4112824786419425,401.780487804878,2003.0,4.985309293996236,file 2,channel 1,1,zstack 7,6,"[2.70913434e+01 2.63882287e-02 2.95625184e-02 6.46199427e-03
 6.81885381e-03 5.10234252e-03 9.17888094e+00]"
69,344.04625171286517,217.0460619731958,4.5326986193837815,4.1814697297820045,0.22151570307122778,0.2043509363500639,1.0839965161292913,1.5941246027888092,643.8461538461538,4493.0,6.978375149342892,file 2,channel 1,1,zstack 7,7,"[3.80811527e+01 1.63828149e-02 1.77627863e-02 3.57180401e-03
 3.81862286e-03 3.01352617e-03 1.38603949e+01]"
70,149.7967079110127,229.78744865346576,4.153001633442914,3.64105913528687,0.20295968338903855,0.1779407461214878,1.1406026321282774,2.0189702272690946,514.4857142857143,3419.0,6.6454712056422505,file 2,channel 1,1,zstack 7,8,"[4.15567080e+01 2.01683239e-02 2.23454776e-02 5.98407424e-03
 6.71546977e-03 4.85466492e-03 1.16816214e+01]"
71,442.6540282596111,241.75852044898028,4.31716450329199,3.4796330018622856,0.21098242140592274,0.17005175405687134,1.2406953552232265,1.681794666466259,374.45454545454544,2611.0,6.9728089342073325,file 2,channel 1,1,zstack 7,9,"[2.70918913e+01 1.60997324e-02 1.99215444e-02 5.67343412e-03
 5.68780017e-03 3.67643419e-03 7.52222117e+00]"
72,95.97410648596485,244.4933541170029,4.18099783659631,3.9860704908199533,0.20432787464674293,0.19480165821955672,1.048902132118657,2.2206757103782797,687.1884057971015,3444.0,5.011725999662561,file 2,channel 1,1,zstack 7,10,"[4.62860477e+01 2.65803512e-02 2.72103959e-02 6.18160875e-03
 7.31442753e-03 5.88276424e-03 1.44380674e+01]"
73,499.54878816850095,245.35694637015425,3.9493312930778863,3.3415633071179265,0.1930061915667985,0.1633042051743285,1.1818813322091914,1.676786490493566,258.24,1291.0,4.999225526641883,file 2,channel 1,1,zstack 7,11,"[1.69701657e+01 2.00427258e-02 2.36420519e-02 7.78141946e-03
 8.39067900e-03 5.57406499e-03 4.15959678e+00]"
74,388.67923919452306,261.82934806060604,4.116352340215528,3.6700943692619123,0.20116861042389364,0.17935971543930526,1.1215930507648941,1.3257829864616673,342.88524590163934,1449.0,4.225903614457831,file 2,channel 1,1,zstack 7,12,"[3.62844459e+01 4.67743787e-02 5.20827996e-02 1.39781356e-02
 1.55503065e-02 1.12291346e-02 1.01876255e+01]"
75,490.7336966256533,267.74620271655647,4.1410374105470185,4.092050094932434,0.2023749846325072,0.19998094510525266,1.0119713381992195,-0.6043268970582939,451.4347826086956,3236.0,7.168255802754503,file 2,channel 1,1,zstack 7,13,"[3.11565784e+01 1.78620693e-02 1.77404939e-02 3.88565635e-03
 4.71353221e-03 3.94102162e-03 9.92563842e+00]"
76,567.0273456680944,271.2225229673478,4.3210035814782755,4.139653399922342,0.21117003946196194,0.2023073472022858,1.0438080592832566,-0.36124946579168393,743.5529411764705,2949.0,3.966092845163128,file 2,channel 1,1,zstack 7,14,"[4.33848896e+01 3.34124836e-02 3.22011325e-02 6.50388601e-03
 8.01259214e-03 7.02189157e-03 1.47351456e+01]"
77,331.9603791094812,278.23990685976196,4.345382778527784,3.698569356503491,0.2123614654596313,0.18075130516287263,1.1748820583523598,1.733475222502071,316.5625,1435.0,4.533070088845014,file 2,channel 1,1,zstack 7,15,"[1.91892016e+01 2.53501017e-02 2.96546390e-02 7.54949392e-03
 7.87139981e-03 5.47099562e-03 5.74036859e+00]"
78,620.3267124077842,284.572680802058,4.349687640858465,3.5228863135646775,0.21257184666647522,0.1721655693701023,1.2346942971478345,0.8791568115576858,369.9310344827586,1776.0,4.80089485458613,file 2,channel 1,1,zstack 7,16,"[1.97560493e+01 2.01743265e-02 2.18905350e-02 5.73798732e-03
 6.72547488e-03 4.85511992e-03 5.61163196e+00]"
79,481.46016321290006,294.8382517922363,4.088774442276294,3.5534090509088005,0.19982086199316595,0.17365723387069976,1.150662471924129,1.1151481424940226,395.0,2452.0,6.207594936708861,file 2,channel 1,1,zstack 7,17,"[2.89648688e+01 1.91996982e-02 2.13931222e-02 6.04392412e-03
 6.81391235e-03 4.85390039e-03 7.80811936e+00]"
80,448.39561085942796,304.48390031906354,4.531474916546289,3.4644701571742362,0.22145589997881873,0.16931073673282748,1.3079849763354132,1.6222368996988057,606.560975609756,2711.0,4.469459970244079,file 2,channel 1,1,zstack 7,18,"[5.50246846e+01 3.59743104e-02 4.70545035e-02 1.29887510e-02
 1.22246366e-02 7.51313531e-03 1.58363363e+01]"
81,233.87089191217763,320.61300183371844,4.6182228069371565,4.000889672728345,0.22569532146775312,0.19552588053721526,1.1542989646569861,2.168971913505011,502.109756097561,3091.0,6.156024579214534,file 2,channel 1,1,zstack 7,19,"[3.10715626e+01 1.93261828e-02 2.10143128e-02 4.36141044e-03
 4.76475524e-03 3.66032978e-03 1.08941155e+01]"
82,292.16379968364225,321.81895817499634,4.414221265840438,3.4405868000909505,0.21572564366689437,0.16814354273202173,1.2829850029430299,1.936371205923316,533.452380952381,4258.0,7.9819683106449455,file 2,channel 1,1,zstack 7,20,"[5.04888193e+01 1.83290069e-02 2.26688212e-02 6.39144959e-03
 6.47248634e-03 4.14309027e-03 1.41781294e+01]"
83,457.8115732019901,324.2976613588409,5.799050661416617,3.573635315109475,0.2834030877137842,0.1746457035465252,1.6227315184898683,0.7649865469876914,504.4347826086956,2521.0,4.997672815031891,file 2,channel 1,1,zstack 7,21,"[3.49121770e+01 3.12841354e-02 3.06925334e-02 5.47649172e-03
 7.69707415e-03 5.70073184e-03 1.35882718e+01]"
84,482.2739301145528,327.48799355827805,5.539410948203976,3.5180942204976513,0.2707143390351154,0.1719313769046281,1.5745487758484193,-0.35781631588101376,403.811320754717,1514.0,3.7492757686197553,file 2,channel 1,1,zstack 7,22,"[2.42304282e+01 4.35042259e-02 2.93646961e-02 4.43149945e-03
 8.18737919e-03 9.72390187e-03 8.43643950e+00]"
85,222.85832909988716,329.48726496592894,4.326005871795013,3.7979636039293347,0.21141450439323708,0.1856087617132851,1.1390329984519523,1.0201231538394175,415.1159420289855,2663.0,6.415075236532486,file 2,channel 1,1,zstack 7,23,"[2.51220110e+01 1.65892432e-02 1.80678434e-02 4.31922822e-03
 4.85295575e-03 3.62009331e-03 7.68977381e+00]"
86,393.9760385491171,337.3387566715582,4.116469013273195,3.4404876451437754,0.2011743123062752,0.16813869697021824,1.1964783594219741,1.0654725317033562,287.7647058823529,1823.0,6.335036794766967,file 2,channel 1,1,zstack 7,24,"[2.11982967e+01 1.88197867e-02 2.13850403e-02 6.32299851e-03
 7.06241680e-03 4.87686796e-03 5.56779702e+00]"
87,413.64302799335206,345.31317447637787,4.817014424866384,3.879433067414486,0.23541038719525265,0.1895902233100419,1.241679993225599,-0.5775294105410507,680.1940298507462,2173.0,3.1946766725912275,file 2,channel 1,1,zstack 7,25,"[4.47972737e+01 5.85608588e-02 5.12517368e-02 9.28858137e-03
 1.29687194e-02 1.22102434e-02 1.55480948e+01]"
88,625.4979805616541,346.7280964899669,5.008209258817427,4.188654921035456,0.24475419352844532,0.20470208096078277,1.1956605051579121,-0.6824142758647865,518.5,2209.0,4.260366441658631,file 2,channel 1,1,zstack 7,27,"[3.50791358e+01 4.02411409e-02 3.73440623e-02 6.13423834e-03
 7.72542856e-03 7.17819864e-03 1.42646263e+01]"
89,315.5488583553623,352.1820541059758,5.539064260234733,3.948744937549808,0.2706973961858986,0.19297753602007925,1.4027404524313785,0.7656659480260259,671.0,2716.0,4.04769001490313,file 2,channel 1,1,zstack 7,28,"[4.04186775e+01 3.59418355e-02 3.56814947e-02 5.89248946e-03
 7.44327622e-03 5.97413866e-03 1.70266376e+01]"
90,272.9159344368491,355.5913449444463,4.148708967322502,3.8711142848293805,0.20274989821831343,0.18918367941030942,1.0717092449533188,1.1323648784184421,366.7027027027027,2054.0,5.601267688679245,file 2,channel 1,1,zstack 7,29,"[2.36419554e+01 2.13588613e-02 2.25625038e-02 5.45769845e-03
 6.31178795e-03 4.87293108e-03 7.08468087e+00]"
91,128.55068268214507,358.7827712595225,4.174999754035905,3.925448845959371,0.20403474475062203,0.19183904203651744,1.0635725793073085,2.253936386775538,421.2307692307692,2353.0,5.5860116873630385,file 2,channel 1,1,zstack 7,30,"[2.51373079e+01 1.99412996e-02 2.04546208e-02 4.74652974e-03
 5.64166716e-03 4.50847801e-03 7.69869158e+00]"
92,486.9099225322571,361.31086794035747,3.7408475073157175,3.293109797489604,0.18281746377789101,0.16093625306613263,1.1359619743524592,1.7222333039585185,244.31578947368422,1294.0,5.296423955191727,file 2,channel 1,1,zstack 7,31,"[1.64191855e+01 1.96851834e-02 2.22929459e-02 7.88706230e-03
 8.95405069e-03 6.13859068e-03 3.78457445e+00]"
93,343.57496072197404,365.7168920011289,4.154754184774985,3.9135869102213587,0.20304533162491112,0.1912593421148075,1.061623078798571,0.7657718161695818,557.6615384615385,3284.0,5.88887662767601,file 2,channel 1,1,zstack 7,32,"[4.24522650e+01 2.39461871e-02 2.39275554e-02 5.53147971e-03
 6.76926805e-03 5.54325082e-03 1.28873116e+01]"
94,414.651142738206,369.98215737838143,5.9452723082539825,4.159466574003344,0.2905490273897416,0.20327562891593354,1.429335277127101,2.1126178502802033,1015.4347826086956,3492.0,3.4389210019267824,file 2,channel 1,1,zstack 7,33,"[3.53780047e+01 2.43915833e-02 3.09685396e-02 5.04402851e-03
 4.59680090e-03 3.04621557e-03 1.71633274e+01]"
95,267.1655923826927,381.4842206564348,4.3162851777770825,3.4817269118461915,0.21093944824004088,0.17015408469501905,1.2396966468252861,2.333858109454545,738.280701754386,3425.0,4.639156884178509,file 2,channel 1,1,zstack 7,34,"[6.56231048e+01 3.70569317e-02 3.76607707e-02 9.80984851e-03
 1.24020813e-02 9.48308012e-03 1.82919696e+01]"
96,426.7244619283043,382.17264413183824,4.163660607650931,3.6021537216150197,0.2034805938584904,0.1760394151955926,1.1558808783385737,1.3848063818490761,283.85483870967744,1859.0,6.54912210921075,file 2,channel 1,1,zstack 7,35,"[1.91165932e+01 1.72394812e-02 1.98226254e-02 5.45745463e-03
 5.88693788e-03 4.10641948e-03 5.32249722e+00]"
97,546.7983712512472,382.18552611427816,5.4381301175877015,3.8165809787126763,0.2657646840314363,0.18651860399726938,1.4248695751300342,-0.2485173248149113,466.4673913043478,2061.0,4.418315274379587,file 2,channel 1,1,zstack 7,36,"[2.07790365e+01 2.71356927e-02 1.94457330e-02 2.76988438e-03
 4.59112256e-03 5.53712552e-03 8.05971043e+00]"
98,355.83077420082606,392.69012453606626,4.626784596052914,3.6532280024378765,0.2261137412425456,0.1785354459656398,1.266492152410242,1.3517488990938071,651.0294117647059,2756.0,4.233295685565846,file 2,channel 1,1,zstack 7,37,"[3.71328942e+01 2.55695122e-02 3.20347838e-02 7.89252801e-03
 7.65763459e-03 4.97503398e-03 1.15361138e+01]"
99,565.056064817612,396.34473232753726,4.788982819898752,3.694643423273565,0.23404046582963048,0.18055944244870084,1.2961962146960233,0.9654670728221922,332.4032258064516,1929.0,5.803192779853463,file 2,channel 1,1,zstack 7,38,"[2.08444315e+01 1.99110156e-02 2.30524185e-02 5.23725818e-03
 5.59584320e-03 3.86476316e-03 6.90379197e+00]"
100,467.64020934009534,404.0915275039255,5.057138403490713,4.1030604445491905,0.24714539020687135,0.20051902750190392,1.2325283704287102,1.1911911333177243,562.2816901408451,3000.0,5.335404037873854,file 2,channel 1,1,zstack 7,39,"[3.38441133e+01 2.16991126e-02 2.59068778e-02 4.93219788e-03
 4.71540258e-03 3.39265669e-03 1.35588292e+01]"
101,370.9283197076175,415.09045761040596,4.514119607387923,3.6568281018576143,0.2206077355997018,0.17871138498586922,1.2344358229731438,1.8283508027467588,444.140625,3846.0,8.659419525065964,file 2,channel 1,1,zstack 7,40,"[3.56121862e+01 1.51824437e-02 1.84657080e-02 4.64244744e-03
 4.64240644e-03 3.10331386e-03 1.09412483e+01]"
102,196.80893446525147,419.72520792827584,3.987149047785825,3.239760012030386,0.19485436794607058,0.15832901701823837,1.2306927158123184,1.7383992158006834,253.57142857142858,1449.0,5.714366197183098,file 2,channel 1,1,zstack 7,41,"[1.87606105e+01 1.92148738e-02 2.35008052e-02 8.11039413e-03
 8.47381571e-03 5.40179545e-03 4.50750707e+00]"
103,426.1616597936094,428.9751252520847,4.469645871799783,3.8677447414240196,0.21843427743840227,0.18901900780093403,1.155620696456343,0.1522085337564845,563.516129032258,4118.0,7.3076879042875955,file 2,channel 1,1,zstack 7,42,"[4.01928190e+01 1.96754476e-02 1.70816226e-02 3.39283761e-03
 4.71629488e-03 4.54704052e-03 1.30557733e+01]"
104,403.85537177104675,456.541912536957,4.218112362459651,3.9534695764290317,0.20614168381014392,0.19320843195889445,1.0669393758860433,2.327750507340283,461.6617647058824,3426.0,7.421017424266556,file 2,channel 1,1,zstack 7,43,"[3.37766927e+01 1.78230018e-02 1.79822098e-02 4.05321222e-03
 4.87776580e-03 3.97556614e-03 1.05466046e+01]"
105,87.18612550496135,467.3814660998176,4.503683677342282,4.022686591343106,0.22009772543238637,0.19659110903731605,1.1195711062935627,1.671027653720717,853.3090909090909,5752.0,6.740816500468764,file 2,channel 1,1,zstack 7,44,"[6.49740024e+01 2.01513280e-02 2.25448239e-02 4.84559242e-03
 5.10740048e-03 3.83516389e-03 2.22423787e+01]"
106,277.37174615704856,466.7132019592528,4.161140271738296,3.9032713166692883,0.2033574235291693,0.1907552128641858,1.0660648297667021,1.6870930514140874,528.1147540983607,3670.0,6.949247245072171,file 2,channel 1,1,zstack 7,45,"[3.79616350e+01 1.82599696e-02 1.94500128e-02 4.65349762e-03
 5.31753536e-03 4.08851177e-03 1.15122777e+01]"
107,597.5249371554063,514.2150462951936,4.032791556576007,3.634498807031692,0.1970849447555136,0.1776201389406774,1.1095867052628372,1.7850107430552693,230.81666666666666,1460.0,6.325366452451441,file 2,channel 1,1,zstack 7,46,"[1.80496037e+01 2.00439747e-02 2.21293383e-02 6.14166858e-03
 6.93860309e-03 5.02487027e-03 4.90922603e+00]"
108,618.8394400224195,515.3455159087453,4.169519655116329,3.36408687604224,0.20376692902603832,0.16440494551135557,1.2394209212639775,1.6590180973998723,270.21276595744683,2018.0,7.468188976377952,file 2,channel 1,1,zstack 7,47,"[2.20856914e+01 1.63722878e-02 2.02584500e-02 6.30350403e-03
 6.40714661e-03 4.09211732e-03 5.72870037e+00]"
109,424.9786466118241,539.6970986787835,4.294218403859475,3.516207054142243,0.2098610317492623,0.17183914995173896,1.2212643731547892,1.2541213355738907,301.4727272727273,1832.0,6.076834931548157,file 2,channel 1,1,zstack 7,48,"[2.01975270e+01 1.82887438e-02 2.18578879e-02 6.09185948e-03
 6.34756075e-03 4.23398619e-03 5.64727066e+00]"
110,361.26830350635765,548.6310556749928,7.147839378606241,4.284665760597313,0.34931920216822765,0.20939418833740225,1.6682373323817403,1.2192426705653516,607.1686746987951,1808.0,2.977755729735093,file 2,channel 1,1,zstack 7,49,"[2.76514405e+01 3.79745325e-02 6.12329222e-02 8.32928343e-03
 5.96058835e-03 3.39911332e-03 1.59016507e+01]"
111,376.6429413923464,561.5457407965657,4.085827727081073,3.715135863723633,0.1996768542522964,0.18156092031765284,1.0997788175062593,1.0911378887991299,326.7391304347826,1934.0,5.9190951430472385,file 2,channel 1,1,zstack 7,50,"[2.53507776e+01 2.21861452e-02 2.38177483e-02 6.23457890e-03
 7.20922742e-03 5.39223379e-03 7.13990348e+00]"
112,467.961010914734,582.8119944406849,4.044778629398576,3.43439540126218,0.19767076020168114,0.16784096535379403,1.177726544797979,1.7303482816271536,272.4516129032258,1901.0,6.977385744731234,file 2,channel 1,1,zstack 7,51,"[2.29447421e+01 1.86963621e-02 2.19228676e-02 6.73090192e-03
 7.23177022e-03 4.87472836e-03 5.91519521e+00]"
113,539.5032126148625,583.6875553173339,3.8263933033328104,3.5141720467312743,0.18699813819301248,0.1717396979176972,1.0888463206836871,1.6846394196631567,272.2307692307692,1559.0,5.726758971460865,file 2,channel 1,1,zstack 7,52,"[1.92919027e+01 1.92907783e-02 2.09807008e-02 6.46538878e-03
 7.53605155e-03 5.45775495e-03 4.82069843e+00]"
114,635.6520624503457,588.295921853213,3.7239886778336464,3.374646641532199,0.181993562658653,0.1649210075911886,1.1035195898741075,2.009605575853457,241.0,1395.0,5.788381742738589,file 2,channel 1,1,zstack 7,53,"[1.78587233e+01 1.97070031e-02 2.13000342e-02 7.16990130e-03
 8.52247182e-03 6.13067007e-03 4.19276969e+00]"
115,498.3595290663287,588.9491980989344,3.783681536052167,3.4530445078618435,0.18491078848082876,0.1687523583906945,1.0957523215925928,1.6414795555505537,253.66666666666666,1557.0,6.137976346911958,file 2,channel 1,1,zstack 7,54,"[1.87804779e+01 1.87290252e-02 2.05127011e-02 6.59426946e-03
 7.66536927e-03 5.48991131e-03 4.57229891e+00]"
116,396.1964474871079,27.51128538476229,4.443962736062166,3.4019023960398784,0.21717912717412868,0.16625301267899348,1.3063169423189036,1.501069166171879,711.8363636363637,4605.0,6.46918341804807,file 3,channel 1,1,zstack 7,0,"[4.74415481e+01 1.58090015e-02 2.06344264e-02 5.97475522e-03
 5.68002489e-03 3.47368658e-03 1.31613389e+01]"
117,82.72393939044262,95.37023897286545,5.216725859820328,3.9748620462949327,0.25494452501787046,0.19425389480579763,1.31242941240765,0.6449766172992695,1671.5060240963855,8981.0,5.372998882762101,file 3,channel 1,1,zstack 7,1,"[1.10327529e+02 2.84654509e-02 2.49013228e-02 4.01553468e-03
 5.58895791e-03 5.31168490e-03 4.35656149e+01]"
118,417.24580932700445,96.98088763181525,4.559559513130826,4.133101287315379,0.2228284110765765,0.20198714152513655,1.1031811698213785,2.220553324479887,977.1910112359551,4671.0,4.780027595722663,file 3,channel 1,1,zstack 7,2,"[4.13273867e+01 1.87610406e-02 1.96816757e-02 3.91702953e-03
 4.37842479e-03 3.54351140e-03 1.49244795e+01]"
119,27.604654801036858,100.47656357068988,4.890016606639512,3.895798255136395,0.23897804765078198,0.19038999986006636,1.255202730324214,1.6002309970017239,2134.046511627907,6616.0,3.1002135913866002,file 3,channel 1,1,zstack 7,3,"[1.79108960e+02 6.50846691e-02 8.18487404e-02 1.74739294e-02
 1.62263294e-02 1.08817419e-02 6.37506219e+01]"
120,22.16351701012329,119.49844828427094,4.026883324489707,3.9888205636809704,0.19679620590601057,0.19493605593148491,1.009542359752982,0.3914975031242423,1273.3432835820895,6017.0,4.7253557446609,file 3,channel 1,1,zstack 7,4,"[7.91153512e+01 2.60642553e-02 2.58599674e-02 6.04768553e-03
 7.44840229e-03 6.13900251e-03 2.36997462e+01]"
121,419.7584453610782,120.95950306785592,4.378438228653412,3.5647906921058023,0.21397690515456294,0.17421346150981004,1.2282455287906313,1.9974765906514742,1207.8266666666666,4837.0,4.004713700641372,file 3,channel 1,1,zstack 7,5,"[1.34875745e+02 5.39439917e-02 6.35714256e-02 1.69015455e-02
 1.78234621e-02 1.20807767e-02 3.90935349e+01]"
122,26.671576483107742,146.00894543511524,6.791004947008172,4.027492998675307,0.3318804892440019,0.19682600104952402,1.6861618255430408,1.3583685815424982,2151.252747252747,7640.0,3.5514190555975564,file 3,channel 1,1,zstack 7,7,"[1.22059018e+02 3.38131924e-02 5.84045104e-02 8.83197603e-03
 6.04709793e-03 3.32251892e-03 5.93827790e+01]"
123,76.43928633662237,156.90633285753015,4.401785317515451,4.003076624675054,0.21511789140540793,0.1956327581919498,1.0996005648212546,2.024919266924934,733.296875,3843.0,5.2407150923696495,file 3,channel 1,1,zstack 7,9,"[4.01412372e+01 1.97435420e-02 2.12491938e-02 4.62865949e-03
 5.13637630e-03 3.97789726e-03 1.33373188e+01]"
124,417.21870027282006,165.60843621763522,4.257769550197411,4.175926112278502,0.20807975438602344,0.2040800164341456,1.0195988711769264,1.6127088799863576,1433.1304347826087,7389.0,5.155846125841879,file 3,channel 1,1,zstack 7,10,"[9.55217484e+01 2.59347227e-02 2.64452572e-02 5.53813259e-03
 6.45180791e-03 5.31532841e-03 3.21073383e+01]"
125,385.8184180340493,167.33216276941286,4.4202557139605805,3.528646847087656,0.21602055076975443,0.17244709010213402,1.2526772741819736,2.2947208759208904,985.625,4787.0,4.8568167406467975,file 3,channel 1,1,zstack 7,11,"[6.45763572e+01 2.57333428e-02 2.74753913e-02 7.00387143e-03
 8.36106437e-03 6.12285203e-03 1.87217488e+01]"
126,188.6414345305016,168.01779779947623,4.897698900104542,3.336384749219562,0.23935348594505293,0.16305112594050394,1.4679658577297472,2.0651919591411945,790.5111111111111,3943.0,4.9879121805864,file 3,channel 1,1,zstack 7,12,"[4.45191925e+01 1.91519924e-02 2.51904990e-02 6.74934505e-03
 6.60245941e-03 3.84931006e-03 1.33546161e+01]"
127,374.9330592225188,173.91785643314364,3.866133150252469,3.655642847545799,0.188940248372742,0.17865346089599543,1.0575795589134156,1.48020408467981,965.776119402985,4170.0,4.317770874866707,file 3,channel 1,1,zstack 7,13,"[8.43802150e+01 3.81313057e-02 4.03082129e-02 1.14825263e-02
 1.36257980e-02 1.02596229e-02 2.21875205e+01]"
128,445.8149043369721,173.6873844551425,4.4038825114039115,4.205045596383116,0.21522038252994297,0.20550310310638106,1.0472853172369452,-0.09817309290971378,992.3125,5022.0,5.060905712666121,file 3,channel 1,1,zstack 7,14,"[4.75347560e+01 2.04478818e-02 1.95318464e-02 3.76202121e-03
 4.63211658e-03 4.13894796e-03 1.67887613e+01]"
129,74.45628910697785,175.2086003889891,5.5798672490508014,4.1317718052265135,0.2726914627484418,0.20192216893720047,1.3504780786762012,-0.13320728870028875,1280.5903614457832,5491.0,4.287866100913547,file 3,channel 1,1,zstack 7,15,"[8.52981028e+01 4.48463047e-02 3.31275771e-02 4.26572939e-03
 6.48442795e-03 7.96100502e-03 3.76380448e+01]"
130,64.97768446297248,185.4826774484105,4.713671085952669,3.8497037707911965,0.23035993617269776,0.1881373347338726,1.22442436265269,1.7160232887577676,936.3780487804878,4632.0,4.94671997707826,file 3,channel 1,1,zstack 7,16,"[5.96034544e+01 2.43437227e-02 2.97096386e-02 6.64352599e-03
 6.44190751e-03 4.39844108e-03 2.02042757e+01]"
131,426.06279032727446,189.22968065722569,8.144015038329819,3.1847582789837032,0.39800290478689243,0.15564104929987543,2.557184666752378,-0.7416980106560567,2031.2702702702702,6517.0,3.208337214098487,file 3,channel 1,1,zstack 7,17,"[1.33619546e+02 7.59055267e-02 6.35830915e-02 8.40669101e-03
 1.64388436e-02 1.16953075e-02 5.40780900e+01]"
132,444.3305178961213,202.33879287425268,4.400195605633594,3.789277151194693,0.2150402012312401,0.18518424955258675,1.1612229536301637,0.7437527210409569,1216.7424242424242,6338.0,5.2089907228690615,file 3,channel 1,1,zstack 7,18,"[7.06858453e+01 2.18997153e-02 2.12131080e-02 4.69565561e-03
 5.98630240e-03 5.01407348e-03 2.20421992e+01]"
133,437.58143039396083,216.31418839903046,4.226493682239977,3.6918850953060924,0.20655128394015565,0.18042464130476357,1.1448063992060837,1.4360129859646689,1218.2236842105262,7274.0,5.9709888210833295,file 3,channel 1,1,zstack 7,19,"[8.39887103e+01 1.96298032e-02 2.24172040e-02 5.84207263e-03
 6.28991086e-03 4.45413897e-03 2.43259512e+01]"
134,415.9982678576942,220.22456570980563,4.361517919071261,3.9075287555731464,0.21314999946591986,0.19096327645968672,1.1161831919600358,1.9491777657768523,1223.391304347826,6621.0,5.412005117634516,file 3,channel 1,1,zstack 7,20,"[6.74327241e+01 1.94502026e-02 2.13473541e-02 4.90012944e-03
 5.37011380e-03 4.04124932e-03 2.16009578e+01]"
135,450.485832046478,223.18049403821905,4.419995449630363,3.5164784175119674,0.2160078314956677,0.1718524116425505,1.2569380285739578,1.052059728225038,1046.060606060606,4183.0,3.998812282734647,file 3,channel 1,1,zstack 7,21,"[6.58545220e+01 3.01702427e-02 3.53527082e-02 9.43449245e-03
 1.01251967e-02 6.82871787e-03 1.89550286e+01]"
136,125.1258875679317,227.31698865121555,4.586673004696074,3.18529324094149,0.22415346368896666,0.15566719321195657,1.4399531401825887,1.7610765025534483,734.9090909090909,4071.0,5.5394606630381,file 3,channel 1,1,zstack 7,22,"[4.71173909e+01 1.73849609e-02 2.46739083e-02 7.79787818e-03
 6.92323206e-03 3.83067902e-03 1.25864500e+01]"
137,383.9598424981595,227.39124904160042,3.775006789779932,3.6524635903362856,0.18448684842197702,0.17849808868726355,1.0335508339543402,0.49349931107519485,1229.3142857142857,4844.0,3.9404081253195744,file 3,channel 1,1,zstack 7,23,"[1.77578197e+02 7.36513879e-02 7.18985409e-02 2.03111836e-02
 2.62633094e-02 2.13150571e-02 4.55314554e+01]"
138,426.82022410405506,227.79188836909114,6.020615295875474,3.491964602181576,0.29423108443255697,0.1706544067686663,1.7241341141070399,1.7781093575406237,1584.7391304347825,5341.0,3.3702707893220665,file 3,channel 1,1,zstack 7,24,"[1.14485299e+02 4.65650465e-02 7.88029162e-02 1.70004146e-02
 1.20733262e-02 5.90012401e-03 4.24164465e+01]"
139,406.05637914737866,231.9072606234102,4.50555297925605,3.406744137007098,0.2201890793392863,0.16648963146715995,1.3225392920802914,1.7154796957298366,837.9375,4268.0,5.093458641008429,file 3,channel 1,1,zstack 7,25,"[8.90510594e+01 3.62460776e-02 4.76438350e-02 1.36115065e-02
 1.28105533e-02 7.79101635e-03 2.51888176e+01]"
140,295.65286215427733,235.36362817966457,4.755431254187867,3.709026993502489,0.23240078066816752,0.181262376162032,1.2821236573684904,1.4647285927571638,1294.9222222222222,4538.0,3.5044575821799677,file 3,channel 1,1,zstack 7,26,"[1.08899464e+02 5.10574524e-02 6.53333147e-02 1.54676176e-02
 1.44305308e-02 9.30391160e-03 3.56289086e+01]"
141,368.4992552748883,237.32270251376045,4.475354271220591,4.08990642028175,0.2187132503455583,0.1998761824379596,1.0942436846543515,-0.7582680254170306,918.3815789473684,4159.0,4.528618708540481,file 3,channel 1,1,zstack 7,27,"[4.33896932e+01 2.23973278e-02 2.21421004e-02 4.40052481e-03
 5.30381051e-03 4.50952999e-03 1.50197414e+01]"
142,318.902853285751,243.17298937688707,4.601420353431197,4.0315909162190255,0.2248741754763172,0.19702626874037438,1.1413410857038488,0.8507872746753745,878.0126582278481,4000.0,4.555742975361504,file 3,channel 1,1,zstack 7,28,"[4.62452294e+01 2.44793142e-02 2.54956667e-02 5.15966913e-03
 5.88734504e-03 4.73787553e-03 1.63798265e+01]"
143,493.04616210327055,242.2566176872778,5.369562490385972,3.3482030511600906,0.2624137429204251,0.16362869345233205,1.6037147115452026,1.6489867480208056,1184.6315789473683,5378.0,4.539808068242403,file 3,channel 1,1,zstack 7,29,"[7.39671180e+01 2.22957058e-02 3.59204526e-02 9.10872258e-03
 6.90075239e-03 3.52359445e-03 2.34760131e+01]"
144,383.3919968658241,245.08523492946307,4.70843430619536,4.012498924994031,0.23010401160166882,0.19609323166591533,1.173441886019288,0.32866058125820036,1022.4320987654321,5037.0,4.926488522887813,file 3,channel 1,1,zstack 7,30,"[9.71353328e+01 4.66057469e-02 4.04304421e-02 7.19932231e-03
 9.83401864e-03 9.69112078e-03 3.48373441e+01]"
145,396.74233172315814,257.85697472426364,4.864063479920806,3.9085091020134173,0.2377097027651535,0.19101118657884647,1.2444805302909867,2.08942144502783,1698.4725274725274,5328.0,3.1369362258266964,file 3,channel 1,1,zstack 7,31,"[5.81212900e+01 2.59327184e-02 3.01985755e-02 6.29506447e-03
 6.42748013e-03 4.57762608e-03 2.09908068e+01]"
146,484.19514239641995,264.5593293032949,4.0274416228546235,3.581561329949101,0.1968234902823199,0.17503305265070887,1.1244932731367911,2.1352169281725377,677.975,3683.0,5.432353700357683,file 3,channel 1,1,zstack 7,32,"[4.45133743e+01 2.03360425e-02 2.19091236e-02 6.14260865e-03
 7.17576569e-03 5.27400521e-03 1.18962502e+01]"
147,345.6509154582159,270.9566743963449,5.111806136957686,3.7371101674782135,0.24981703516523246,0.18263481773604293,1.3678499984941872,-0.6967654407527137,1176.671052631579,4920.0,4.18128753061156,file 3,channel 1,1,zstack 7,33,"[5.40597879e+01 2.69965927e-02 2.40400016e-02 4.35820852e-03
 6.20287130e-03 5.55440600e-03 1.95158236e+01]"
148,409.86996532452434,271.8081751870959,4.858261303017684,4.132125022192832,0.2374261468961305,0.20193943086242444,1.1757295040505593,0.7577166589181671,1208.1022727272727,4704.0,3.8937100824922632,file 3,channel 1,1,zstack 7,34,"[6.74805310e+01 3.55639885e-02 3.48266944e-02 6.22790593e-03
 7.47374611e-03 6.50998502e-03 2.63058149e+01]"
149,34.885972250398765,272.4602508023428,4.257590625949353,3.635384215021855,0.2080710102505904,0.17766340936077707,1.1711528614654991,0.8282582688418878,1347.6,5975.0,4.433808251706738,file 3,channel 1,1,zstack 7,35,"[7.31946370e+01 2.40025767e-02 2.48476782e-02 6.25909637e-03
 7.59347013e-03 5.82417480e-03 2.10348845e+01]"
150,312.63610636047156,273.10865807602494,4.490185176512199,3.9670412563027218,0.21943804559199362,0.1938716881030867,1.1318725685996638,0.8186213203823933,1146.2247191011236,5662.0,4.939694551728194,file 3,channel 1,1,zstack 7,36,"[6.08692099e+01 2.25628198e-02 2.30357773e-02 4.83202959e-03
 5.69993773e-03 4.63107617e-03 2.05056940e+01]"
151,462.183512058338,275.0316614169662,4.404669322607435,3.8466920993826403,0.21525883446587965,0.18799015254385606,1.1450537783656627,0.3628350159530236,1226.012987012987,5943.0,4.847420103174687,file 3,channel 1,1,zstack 7,37,"[1.04501270e+02 3.86303659e-02 3.43874637e-02 7.10768687e-03
 9.70499279e-03 9.04031853e-03 3.32225614e+01]"
152,108.38612117876451,279.48411994904,4.839166067727563,3.2935615165207466,0.2364929512822609,0.1609583288464076,1.469280608075468,2.2574439320231314,958.939393939394,4440.0,4.630115342076157,file 3,channel 1,1,zstack 7,38,"[6.84754170e+01 2.80031143e-02 3.25330553e-02 8.55039175e-03
 9.86687226e-03 6.29133027e-03 2.00521470e+01]"
153,381.9810194022445,281.25595982484793,5.213910342869877,4.205737808667746,0.2548069290139974,0.20553693193635195,1.2397135960602095,1.881518989787572,1504.8241758241759,7180.0,4.7713215373268385,file 3,channel 1,1,zstack 7,39,"[8.22967855e+01 2.40709504e-02 2.92469973e-02 5.29007001e-03
 4.84097570e-03 3.49876633e-03 3.53388347e+01]"
154,391.88107922075096,294.24310847855156,5.62782506474766,3.5796108983363952,0.2750351899965804,0.17493773388670958,1.572189051989746,1.016606232357486,1504.4943820224719,4637.0,3.08209858103062,file 3,channel 1,1,zstack 7,40,"[5.19588485e+01 2.63250689e-02 3.50573675e-02 7.38685439e-03
 7.10231871e-03 4.08137609e-03 1.93361421e+01]"
155,282.3012021907509,305.44928148446166,5.11350147210585,3.773594055503649,0.24989988721184347,0.18441780724965523,1.3550746044471835,1.457410633011076,857.536231884058,3804.0,4.435964171032618,file 3,channel 1,1,zstack 7,41,"[4.13398885e+01 1.99283286e-02 2.69690724e-02 5.87503053e-03
 5.07333590e-03 3.14817862e-03 1.47880436e+01]"
156,451.5513833695542,305.2126090070557,4.218612248674494,3.566589638878477,0.20616611354960704,0.17430137711872182,1.1828140256699247,0.7635448511305385,879.6551724137931,4406.0,5.008780870246961,file 3,channel 1,1,zstack 7,42,"[5.48310902e+01 2.33686211e-02 2.31002612e-02 5.89357512e-03
 7.56709209e-03 6.03832088e-03 1.53170372e+01]"
157,343.0800861167837,310.37913188615164,5.1229923082420195,3.5401021938858257,0.25036371007234576,0.173006919778228,1.4471311921701107,1.0089283536909806,1331.9021739130435,7172.0,5.384779858815849,file 3,channel 1,1,zstack 7,43,"[9.00277773e+01 2.36960497e-02 2.98721444e-02 6.90841708e-03
 6.95469048e-03 4.28139747e-03 3.02116061e+01]"
158,427.50066598538797,309.9216900052352,4.783583665081909,3.0666124715439502,0.23377660589194812,0.14986719275269278,1.5598918055249131,1.139571007057696,1572.3595505617977,4711.0,2.9961340574531943,file 3,channel 1,1,zstack 7,44,"[1.40670908e+02 6.10472314e-02 8.63451646e-02 2.75142850e-02
 2.56379782e-02 1.36073617e-02 3.76537928e+01]"
159,149.4441485137449,324.48548440562536,4.005182838721927,3.7789630158574843,0.19573569013704237,0.1846801915658009,1.0598629364498058,1.9102256908789843,1403.9166666666667,5270.0,3.753784056508577,file 3,channel 1,1,zstack 7,45,"[7.87634952e+01 2.98783428e-02 3.14426419e-02 8.15923757e-03
 9.62071344e-03 7.35490771e-03 2.20823168e+01]"
160,209.4558022420218,325.5865490664211,4.313111334822213,3.485901510760099,0.21078434062918427,0.1703580998504719,1.2373015478230598,1.3337501260877507,1598.9538461538461,5463.0,3.4166089366124006,file 3,channel 1,1,zstack 7,46,"[1.46308537e+02 5.26438553e-02 6.43152153e-02 1.81737742e-02
 1.85366815e-02 1.20911585e-02 4.05634527e+01]"
161,171.0620255335365,325.8873214443524,4.40910176922785,3.1970934432352838,0.21547545079356756,0.1562438761831813,1.3790969352356746,1.4288926574984275,865.6792452830189,5157.0,5.95717181404067,file 3,channel 1,1,zstack 7,47,"[8.51903632e+01 2.47798480e-02 3.39352929e-02 1.10389009e-02
 1.01655137e-02 5.83485355e-03 2.21022737e+01]"
162,351.75640210436114,343.42094366957343,4.117514803462957,3.6243057204658244,0.2012254207007666,0.17712199668002762,1.1360837415596778,2.2790928667332913,1028.0833333333333,4323.0,4.2049120531733815,file 3,channel 1,1,zstack 7,48,"[7.07343539e+01 3.16236437e-02 3.30423173e-02 8.74486946e-03
 1.05107519e-02 7.99253694e-03 1.95997493e+01]"
163,194.12243516711558,344.03240290893905,5.041181477687173,3.9240375361611957,0.24636556566192797,0.19177007047929606,1.284692470760322,2.235944529521003,1228.6511627906978,6777.0,5.515804815263476,file 3,channel 1,1,zstack 7,49,"[7.14296716e+01 2.11744166e-02 2.37019440e-02 4.65445660e-03
 5.00195873e-03 3.66964600e-03 2.71277465e+01]"
164,424.2450847716679,346.24107004294723,5.0835701104284015,3.3424351303675066,0.2484371235951527,0.16334681169999926,1.5209181067545368,2.1351219314607035,1034.8793103448277,4312.0,4.166669443380037,file 3,channel 1,1,zstack 7,50,"[6.44882032e+01 2.84566197e-02 3.69163711e-02 9.36612807e-03
 9.51137150e-03 5.52425035e-03 1.98376848e+01]"
165,293.6234863867508,355.9442063844497,4.626081447962255,3.11175979623666,0.22607937797316793,0.15207356961797183,1.4866447768741677,0.8599680965263887,1153.6266666666668,4743.0,4.111382076234945,file 3,channel 1,1,zstack 7,51,"[1.54520104e+02 6.19913533e-02 7.04569815e-02 2.09901517e-02
 2.53307998e-02 1.61861749e-02 4.10990954e+01]"
166,243.50209609072203,357.18923573749026,4.286639295951073,3.6198509222724584,0.2094906361950989,0.17690428801754918,1.184203269139056,1.1385710646261584,1826.2173913043478,5800.0,3.175963621646073,file 3,channel 1,1,zstack 7,52,"[1.59493446e+02 6.01633582e-02 6.88135796e-02 1.81140805e-02
 1.96606279e-02 1.37755016e-02 4.59192645e+01]"
167,358.41594303688504,360.49443867646045,4.655598154146187,3.544497499934512,0.22752187712692137,0.1732217210238754,1.3134719813548192,1.8591238091359803,1153.7962962962963,6243.0,5.410833801460557,file 3,channel 1,1,zstack 7,53,"[7.10763350e+01 1.84558178e-02 2.36635764e-02 6.08566239e-03
 5.84035220e-03 3.66211607e-03 2.15306009e+01]"
168,455.36870115485436,390.55670349122727,4.186020545271634,3.4270553396994465,0.20457333743546186,0.16748225213807266,1.2214627808253453,1.1841915046931355,934.639344262295,4527.0,4.843579534492133,file 3,channel 1,1,zstack 7,54,"[5.41515515e+01 1.97125186e-02 2.33034771e-02 6.89869923e-03
 7.37385431e-03 4.90993816e-03 1.43593546e+01]"
169,427.0663286681839,397.75285576385136,4.357612005832069,3.516087383199955,0.21295911514071572,0.17183330156093599,1.2393355258043248,1.3625307912117088,1018.4197530864197,4453.0,4.3724603597924645,file 3,channel 1,1,zstack 7,55,"[6.35527338e+01 2.61494707e-02 3.20907259e-02 8.88693806e-03
 8.96023436e-03 5.85023722e-03 1.80201057e+01]"
170,409.69379142944973,400.12686658959893,3.9123034054425445,3.575671958164533,0.19119661646561953,0.17474523551547566,1.0941449470803277,0.6047684313035586,919.3636363636364,4722.0,5.136161376446158,file 3,channel 1,1,zstack 7,56,"[7.18382776e+01 2.86998732e-02 2.72623796e-02 7.45599292e-03
 9.92689064e-03 8.27697216e-03 1.86808460e+01]"
171,282.8320932709519,402.56333623683645,4.409434924538108,3.4380857981275574,0.21549173229361437,0.1680213172644086,1.2825261449087644,1.5116279502354362,1053.7179487179487,4688.0,4.449008395181895,file 3,channel 1,1,zstack 7,57,"[6.52142214e+01 2.38549356e-02 3.05841764e-02 8.74502943e-03
 8.45653463e-03 5.27155707e-03 1.81508175e+01]"
172,408.610614480646,420.3331035520579,5.100166917921773,3.263751193885083,0.2492482195424786,0.1595014804803636,1.5626702573031215,0.7300709082943154,1011.1,3821.0,3.779052517060627,file 3,channel 1,1,zstack 7,58,"[7.42881220e+01 4.50120344e-02 4.01245948e-02 8.79701715e-03
 1.37023040e-02 1.11238300e-02 2.26527541e+01]"
173,562.0261446987406,428.6155221348428,6.352070585747576,3.540574855264459,0.31042950346238385,0.17303001902359913,1.79407888419665,0.6465895579900894,1456.076923076923,4507.0,3.095303502562206,file 3,channel 1,1,zstack 7,59,"[7.95519361e+01 5.39274399e-02 4.06761335e-02 5.76268314e-03
 1.05109066e-02 9.84745766e-03 3.16334341e+01]"
174,470.28476536168677,435.99350444238115,4.53213071355988,3.641155042123169,0.22148794917262932,0.1779454331461625,1.2446958893893132,0.9008072446490923,763.453488372093,4005.0,5.245899142513365,file 3,channel 1,1,zstack 7,60,"[4.78526214e+01 2.33651609e-02 2.57226034e-02 6.19695538e-03
 7.04032964e-03 5.08592927e-03 1.47492912e+01]"
175,93.07403964852499,470.27244187292956,3.8726393876408935,3.0117365059412604,0.18925821210041668,0.1471853713648316,1.2858493364214725,1.0614402243492789,601.7307692307693,4051.0,6.732246724193033,file 3,channel 1,1,zstack 7,61,"[5.97434187e+01 2.09027751e-02 2.49464497e-02 9.83050889e-03
 1.08960599e-02 6.88902766e-03 1.31112359e+01]"
176,373.6911170502894,476.1285708517288,4.633659082440409,3.378536166048867,0.22644970151991045,0.16511109098968282,1.3714990323336937,1.026881356930553,1086.327868852459,5583.0,5.139332387649775,file 3,channel 1,1,zstack 7,62,"[6.82853173e+01 2.14384910e-02 2.63578004e-02 7.19368405e-03
 7.50561968e-03 4.71553967e-03 1.97435929e+01]"
177,392.10251372531457,481.56702227293243,4.7224617112712775,3.499939033081822,0.23078953931012236,0.17104412199480265,1.3492982782368583,1.0370491730019211,952.5471698113207,4449.0,4.670634842032287,file 3,channel 1,1,zstack 7,63,"[9.12795990e+01 3.86722667e-02 4.72870451e-02 1.19769187e-02
 1.23787638e-02 7.92823303e-03 2.77814112e+01]"
178,405.6001690747561,486.9611814149207,4.16422011761743,3.744134767595769,0.20350793744649653,0.18297811416152776,1.1121982450144046,1.5522385092624056,901.5333333333333,4342.0,4.816239000221844,file 3,channel 1,1,zstack 7,64,"[5.14638522e+01 2.19892451e-02 2.44567575e-02 6.29853062e-03
 6.95640793e-03 5.07042586e-03 1.49353398e+01]"
179,356.7802044752304,500.2068478021656,4.850040487853714,4.015864417185974,0.2370243907230909,0.19625770529005857,1.2077201777773836,-0.07916723737039415,1139.6285714285714,5387.0,4.726978714869507,file 3,channel 1,1,zstack 7,65,"[7.24055049e+01 3.11339768e-02 2.57839254e-02 4.30596711e-03
 6.09383861e-03 6.39338042e-03 2.68757479e+01]"
180,471.7475602374973,509.51541863841044,4.7291341862865695,4.293469313756973,0.23111562717043516,0.20982442326618123,1.1014715235377728,0.3197920358692207,1838.0116279069769,9213.0,5.012481890819831,file 3,channel 1,1,zstack 7,66,"[9.40730234e+01 2.27993984e-02 2.09105330e-02 3.52619252e-03
 4.42063155e-03 4.22909071e-03 3.69234370e+01]"
181,526.9962069771672,517.3737148226681,4.735946924949483,4.454821602286666,0.2314485697994249,0.21770980648644606,1.0631058542318543,0.917623786051945,1472.1375,7754.0,5.267171035314297,file 3,channel 1,1,zstack 7,67,"[8.50430167e+01 2.33959710e-02 2.41072982e-02 4.17235331e-03
 4.54652071e-03 3.91396703e-03 3.53430480e+01]"
182,440.8521612545747,521.7746472201397,4.569335994136593,3.999808785838227,0.22330619357336412,0.19547305694590456,1.1423886087542088,-0.6405165765513049,1455.835294117647,6201.0,4.2594104051848145,file 3,channel 1,1,zstack 7,68,"[8.58292349e+01 3.22027514e-02 3.01064206e-02 5.83919192e-03
 7.47837461e-03 6.71921304e-03 2.98194756e+01]"
183,491.24813653470244,525.8454135357287,5.09141883601831,3.4186978952231284,0.24882069552729627,0.16707381880850308,1.4892859773109632,0.7484997407196172,1220.6949152542372,4554.0,3.7306618902820015,file 3,channel 1,1,zstack 7,69,"[7.48998687e+01 3.96145481e-02 3.68541364e-02 7.78639804e-03
 1.12950689e-02 9.04308327e-03 2.42686253e+01]"
184,311.0180782089923,530.0202878868834,4.12563555724133,3.887375997814692,0.20162228681381278,0.18997839908782757,1.0612905876767715,-0.640489719777652,740.3943661971831,4125.0,5.57135519707807,file 3,channel 1,1,zstack 7,70,"[6.29072915e+01 2.99433280e-02 2.90544210e-02 6.74127685e-03
 8.50563279e-03 7.17162796e-03 1.88846041e+01]"
185,472.30231116719483,540.2903554720232,4.830847298428658,4.063322114990532,0.236086408031833,0.19857699147651756,1.1888910506520143,1.3187527146753335,1413.911111111111,6197.0,4.382878068714048,file 3,channel 1,1,zstack 7,71,"[8.58339101e+01 2.86000023e-02 3.36893218e-02 6.71717488e-03
 6.63125970e-03 4.79022690e-03 3.16992485e+01]"
186,376.14262101599667,553.7213565689523,4.923781824847671,3.4713544973059682,0.24062817413806886,0.16964717856858963,1.4184036313977426,0.9549695429667083,895.2181818181818,4217.0,4.71058350427524,file 3,channel 1,1,zstack 7,72,"[5.17904244e+01 2.27713184e-02 2.74942209e-02 6.70800965e-03
 7.14998008e-03 4.54763017e-03 1.64020400e+01]"
187,553.4629028619632,555.5975538751977,5.672099295570775,5.34995054146943,0.27719889824022564,0.26145529520138494,1.060215277058031,1.4315480648876229,2968.2045454545455,7831.0,2.638295265733034,file 3,channel 1,1,zstack 7,73,"[9.97049740e+01 4.17525974e-02 4.44337356e-02 5.33570407e-03
 4.78902641e-03 4.70606085e-03 6.54649310e+01]"
188,428.8037982780842,557.6745792248678,4.220793215767917,4.059362645018646,0.20627269872096804,0.19838348980162987,1.0397674671779735,0.6334770349005858,1062.3493975903614,4682.0,4.407212928834704,file 3,channel 1,1,zstack 7,74,"[5.01349993e+01 2.28072585e-02 2.23492463e-02 4.79606144e-03
 5.88680936e-03 4.99971105e-03 1.61688099e+01]"
189,553.672903561441,576.0192538332227,5.401004224101539,3.9813659759495597,0.26395031932548263,0.19457174575313602,1.3565706485481768,-0.7258294989826498,2123.0652173913045,8647.0,4.07288477488455,file 3,channel 1,1,zstack 7,75,"[1.00300420e+02 2.93613354e-02 2.69229785e-02 4.32534774e-03
 5.80520012e-03 5.19554746e-03 4.18784173e+01]"
190,456.39798705297204,584.2664496639458,4.629091357125872,3.7023691994316543,0.22622647404121618,0.18093700576828964,1.2503051715740499,-0.28637069310009705,1332.6533333333334,4789.0,3.593582727190867,file 3,channel 1,1,zstack 7,76,"[8.74808003e+01 4.64323527e-02 3.78422489e-02 7.32478908e-03
 1.10189099e-02 1.11519199e-02 2.77066219e+01]"
191,369.83518956810167,592.1074507380316,4.674444490378464,3.823359593939779,0.22844290889438915,0.1868498789934625,1.2226013210443765,2.130566177064084,1329.375,6224.0,4.681899388810531,file 3,channel 1,1,zstack 7,77,"[9.22896270e+01 2.96536656e-02 3.37193238e-02 7.47467837e-03
 7.94737208e-03 5.72245560e-03 3.11095987e+01]"
192,235.73050067797215,599.5867178752108,5.739228886419161,3.1562786155919125,0.2804795616512171,0.15424923105003951,1.818353062390487,2.250119320141415,1143.1666666666667,5311.0,4.645866744423385,file 3,channel 1,1,zstack 7,78,"[9.19643370e+01 3.61846505e-02 4.56878103e-02 1.09860842e-02
 1.25993637e-02 6.84234867e-03 2.98998984e+01]"
193,408.16118801280965,601.1238769778056,5.789948850244004,3.541013546434201,0.28295827673683094,0.1730514581244652,1.6351106185613098,0.9004003238636525,1730.0483870967741,5256.0,3.038065316092222,file 3,channel 1,1,zstack 7,79,"[1.32697844e+02 6.21991472e-02 7.68259419e-02 1.51357459e-02
 1.67522221e-02 9.98612154e-03 4.85591116e+01]"
194,212.33663340198552,603.1012583861357,3.9514799371853147,3.6355148113004625,0.19311119709442642,0.17766979167932578,1.0869106969122284,1.799977104641361,632.8695652173913,3728.0,5.890629293762023,file 3,channel 1,1,zstack 7,80,"[4.71728302e+01 2.11671956e-02 2.29011453e-02 6.46050728e-03
 7.47293563e-03 5.50788048e-03 1.25939307e+01]"
195,360.84612770313225,603.1527395191684,6.061866982715154,4.006413726361976,0.29624707913692316,0.1957958443550663,1.5130406884412388,0.9575859669370096,1656.8461538461538,6739.0,4.067366172988533,file 3,channel 1,1,zstack 7,81,"[6.56698569e+01 2.23290992e-02 2.80350210e-02 4.66077625e-03
 4.53802660e-03 2.88998139e-03 3.08887055e+01]"
196,323.4239210097708,623.9834970047658,4.384941336133484,3.9277215383742226,0.21429471592173718,0.19195010987941077,1.1164084045399296,1.4175251862735871,1179.2592592592594,5544.0,4.701256281407034,file 3,channel 1,1,zstack 7,82,"[8.90088839e+01 3.08905423e-02 3.43956117e-02 7.82161723e-03
 8.42849357e-03 6.27372556e-03 2.87224282e+01]"
197,369.22725225802355,629.1906006686231,4.48951817368663,3.641653426418871,0.21940544876342344,0.17796978948593548,1.2328241180549495,1.7081397186460803,847.7384615384616,5049.0,5.955846324156579,file 3,channel 1,1,zstack 7,83,"[5.01313310e+01 1.68387768e-02 2.06778380e-02 5.27693986e-03
 5.22337653e-03 3.46105689e-03 1.52195055e+01]"
198,207.8793578682444,632.5930610713702,4.219127860545094,3.431017520282794,0.20619131181130912,0.16767588628216995,1.2297016367894682,-0.11933001896565165,1156.875,7515.0,6.4959481361426255,file 3,channel 1,1,zstack 7,84,"[8.94520055e+01 2.23361548e-02 1.82195987e-02 4.39217005e-03
 6.77334369e-03 6.64188266e-03 2.39594959e+01]"
199,259.95525470327806,642.3591409965227,5.23286329807774,4.480786554950763,0.25573317131481865,0.21897872931312642,1.1678448044564893,1.2463426488016582,1046.686567164179,4155.0,3.9696697467488025,file 3,channel 1,1,zstack 7,85,"[5.35760591e+01 2.80946011e-02 3.23308011e-02 5.29828517e-03
 4.94978955e-03 3.92521506e-03 2.53340577e+01]"
200,268.40617167698434,217.59935927312492,4.4172928533239135,3.8611979157957563,0.21587575399146727,0.18869906050160826,1.1440213502792052,1.686139216724983,404.65934065934067,2531.0,6.254643710623506,file 4,channel 1,1,zstack 7,0,"[2.69646231e+01 1.84700617e-02 2.10980098e-02 4.92018094e-03
 5.17929719e-03 3.74018565e-03 8.58456996e+00]"
201,220.7156854549072,226.03106949502197,5.224692946064201,3.568534513751743,0.2553338813062399,0.17439642432152827,1.464100438409736,1.6347001338038263,333.1142857142857,1745.0,5.238442405009006,file 4,channel 1,1,zstack 7,1,"[3.13690057e+01 3.08544473e-02 4.52080305e-02 1.06544578e-02
 8.59158225e-03 4.85139197e-03 1.06967495e+01]"
202,155.294753812385,251.55427012448615,4.607099967800661,3.4639150546999886,0.2251517416407308,0.16928360854161403,1.3300268323697921,1.2391761197303666,250.97101449275362,2002.0,7.9770168042963565,file 4,channel 1,1,zstack 7,2,"[2.23186401e+01 1.73279851e-02 2.22754375e-02 5.99625258e-03
 5.80510364e-03 3.59067415e-03 6.53150377e+00]"
203,250.83873458404457,258.103790347476,4.315438889224504,3.746094652861948,0.21089808961034423,0.18307389493124845,1.1519834091558758,1.050543887551242,408.6376811594203,3117.0,7.62778408284863,file 4,channel 1,1,zstack 7,3,"[2.92543355e+01 1.63189660e-02 1.80055924e-02 4.42883071e-03
 4.92595108e-03 3.61870701e-03 8.83509276e+00]"
204,338.2256494515982,278.2504069325803,4.664692513995674,3.8835286911226383,0.22796632395323957,0.18979037889977088,1.2011479468810669,0.4024103718494725,490.05,3345.0,6.825834098561371,file 4,channel 1,1,zstack 7,4,"[4.01661698e+01 2.45016478e-02 2.10641732e-02 3.93314511e-03
 5.51326190e-03 5.38592105e-03 1.37199931e+01]"
205,267.6790761179018,320.84360227392995,4.047108350509416,3.606874560112125,0.19778461507118883,0.17627012540745182,1.122054089506125,2.258551297143521,358.7014925373134,2043.0,5.695543627512171,file 4,channel 1,1,zstack 7,5,"[2.50959176e+01 2.16984624e-02 2.27217797e-02 6.19027502e-03
 7.43685348e-03 5.63824118e-03 6.80927215e+00]"
206,249.67023833597622,325.2152138825578,4.58033275723664,4.154746230274949,0.2238436119887861,0.20304494288371827,1.1024338198709978,1.0458986702608637,453.9125,3346.0,7.3714647646848235,file 4,channel 1,1,zstack 7,6,"[3.68064487e+01 2.06103914e-02 2.20493005e-02 4.37549389e-03
 4.77304438e-03 3.79925549e-03 1.34070517e+01]"
207,292.99912594044264,336.78832591980705,4.273387915166059,3.949778552148095,0.20884303325968556,0.19302804938610477,1.0819310142949579,-0.6559484962920497,665.6666666666666,6343.0,9.528793189784677,file 4,channel 1,1,zstack 7,7,"[6.85901609e+01 1.96639054e-02 1.89423289e-02 4.10928370e-03
 5.16819259e-03 4.43816067e-03 2.17779295e+01]"
208,420.713210827293,364.2987462329076,3.9546801748073763,3.520666253868734,0.1932675946285167,0.172057073719784,1.1232760760727376,1.0064798632326653,532.7547169811321,3822.0,7.1740331491712706,file 4,channel 1,1,zstack 7,8,"[4.43849045e+01 1.88837882e-02 2.03295335e-02 5.96887776e-03
 7.02156929e-03 5.13973414e-03 1.14796370e+01]"
209,334.68743730549653,376.7713569025504,4.056059523172092,3.549606955131027,0.19822206425371447,0.17347142316716965,1.1426784921381161,2.0987099156673574,487.60714285714283,3585.0,7.3522302790595475,file 4,channel 1,1,zstack 7,9,"[4.26001426e+01 1.92700570e-02 2.11135829e-02 5.98964736e-03
 6.88476998e-03 4.97568204e-03 1.13882762e+01]"
210,226.00677443389327,384.14590090751034,4.228598782673636,3.9260802321341846,0.2066541614623018,0.19186989825798012,1.0770535833841084,2.1974832793964287,505.7903225806452,4457.0,8.811951911731878,file 4,channel 1,1,zstack 7,10,"[4.49402241e+01 1.78526581e-02 1.85731704e-02 4.28357662e-03
 4.99344586e-03 3.94747998e-03 1.40101449e+01]"
211,292.71353541004896,393.4784770156641,4.224795247417854,3.7822592779729862,0.2064682804106171,0.18484128187454102,1.1170030759186964,0.8570971578994617,594.578947368421,3099.0,5.2120917057625915,file 4,channel 1,1,zstack 7,11,"[4.26651402e+01 2.61673199e-02 2.71356598e-02 6.54978423e-03
 7.79673306e-03 6.07516729e-03 1.26894589e+01]"
212,450.3059956698799,399.014499784502,6.691196672500116,3.4505655457194053,0.3270027989414898,0.16863121002236467,1.9391594171572457,0.8059278141380216,1357.375,5995.0,4.416612947785247,file 4,channel 1,1,zstack 7,12,"[1.63909943e+02 7.91313447e-02 8.15920678e-02 1.32159648e-02
 1.93958197e-02 1.25940076e-02 6.60646885e+01]"
213,187.91788885323535,426.0480802806022,3.985465167365482,3.449974011097315,0.19477207569888585,0.16860230137021143,1.1552159971482934,1.722569430395072,348.8135593220339,2396.0,6.868999028182702,file 4,channel 1,1,zstack 7,13,"[3.44278747e+01 2.26699071e-02 2.60972753e-02 8.04634240e-03
 8.81914974e-03 6.05092479e-03 8.79566278e+00]"
214,293.11804150334103,425.6824446620152,4.390509516471409,3.6864069875562677,0.2145668362381218,0.1801569228898412,1.1909996729313639,2.0669973032163247,374.47058823529414,2088.0,5.5758718190386425,file 4,channel 1,1,zstack 7,14,"[2.39436848e+01 2.06831050e-02 2.34753767e-02 5.85108523e-03
 6.34955961e-03 4.50959680e-03 7.21734678e+00]"
215,385.91175140524615,428.597593141817,4.422482883178079,3.9217366719065256,0.21612939386665986,0.19165762586167576,1.1276848124094265,1.5583195188479209,586.7974683544304,4567.0,7.782923830273745,file 4,channel 1,1,zstack 7,15,"[4.34279685e+01 1.65629518e-02 1.86849645e-02 4.24969589e-03
 4.49858520e-03 3.30960859e-03 1.41317284e+01]"
216,317.88767239994365,430.8012940313822,4.428344937299906,3.6966590328809033,0.21641587597131273,0.18065794650043224,1.1979316723319167,1.7455766615873851,365.91379310344826,3338.0,9.122367243085332,file 4,channel 1,1,zstack 7,16,"[3.33141581e+01 1.61014184e-02 1.91799461e-02 4.81653810e-03
 4.91154884e-03 3.36130482e-03 1.01551604e+01]"
217,220.36168878038936,432.02174777913405,4.326079871328554,3.9222557643597526,0.21141812079487232,0.19168299422154064,1.1029571071418183,1.6860270734856626,405.2028985507246,2513.0,6.201831252906041,file 4,channel 1,1,zstack 7,17,"[2.70382806e+01 1.96113434e-02 2.16031432e-02 4.98595137e-03
 5.44023256e-03 4.08560839e-03 8.61174035e+00]"
218,199.38361226253232,446.7841314959258,4.237978888455563,3.8279241581536265,0.2071125728639071,0.18707295198726806,1.1071219578445681,1.636544116222675,640.890625,3203.0,4.997732647438867,file 4,channel 1,1,zstack 7,18,"[4.36825238e+01 2.57325329e-02 2.84787796e-02 6.95991423e-03
 7.65203401e-03 5.65389103e-03 1.32213289e+01]"
219,181.7637268644153,453.4373951515101,4.614012956907004,3.7987082652292004,0.22548958356908375,0.1856451537581222,1.2146268243709448,0.9448801802963591,484.94565217391306,3278.0,6.759520340692592,file 4,channel 1,1,zstack 7,19,"[2.77262862e+01 1.55584340e-02 1.72537921e-02 3.85982910e-03
 4.25312736e-03 3.11456603e-03 9.10515493e+00]"
220,443.7204311342465,456.7751969876025,3.9445302599482837,3.661202265265211,0.19277156219509833,0.17892515297795203,1.0773865998530263,1.550598266183153,284.24242424242425,2149.0,7.5604477611940295,file 4,channel 1,1,zstack 7,20,"[2.52930412e+01 1.90848037e-02 2.05615769e-02 5.74807335e-03
 6.66546975e-03 4.94073543e-03 6.78776301e+00]"
221,258.17219934140627,459.83126883186577,4.347098687728554,3.669062315077396,0.21244532297254634,0.17930927833163762,1.1847982711726865,2.2945000467721806,378.03389830508473,2767.0,7.319449426111908,file 4,channel 1,1,zstack 7,21,"[3.45984159e+01 2.21997961e-02 2.33319065e-02 5.71254270e-03
 6.78619319e-03 5.15825415e-03 1.02998659e+01]"
222,196.71232972481758,473.8484361977301,5.306569119421767,3.637269435119776,0.25933521905866,0.17775554119889422,1.4589430929103058,1.102134147269648,1032.7424242424242,6453.0,6.2484118484177165,file 4,channel 1,1,zstack 7,22,"[7.12386741e+01 1.92953106e-02 2.56016858e-02 5.60892127e-03
 5.20529272e-03 3.11909452e-03 2.55239931e+01]"
223,470.62936331377216,480.15396203493026,4.719764325907962,3.5592279258618045,0.23065771646784167,0.1739416057834464,1.3260640858691717,2.059290068698557,644.9855072463768,4612.0,7.150548265324466,file 4,channel 1,1,zstack 7,23,"[5.35505797e+01 1.93781986e-02 2.38014607e-02 5.91732277e-03
 5.99752062e-03 3.87673261e-03 1.66859429e+01]"
224,553.046492635093,486.12666257277556,4.70542667681271,3.570839298195217,0.22995702694788522,0.1745090605211292,1.3177368914896113,1.0578035735401805,381.1025641025641,3594.0,9.43053219403889,file 4,channel 1,1,zstack 7,24,"[3.21357478e+01 1.48804401e-02 1.80438131e-02 4.46374156e-03
 4.58244524e-03 3.00019423e-03 1.00426087e+01]"
225,197.4599204037106,495.83888021491515,4.463543100671017,3.9491564903126717,0.218136031349088,0.19299764885070664,1.1302522732690239,1.4316527455427228,599.4246575342465,4885.0,8.149481237716532,file 4,channel 1,1,zstack 7,25,"[5.11755715e+01 1.81218458e-02 2.04349912e-02 4.54809706e-03
 4.80612243e-03 3.55049374e-03 1.69411134e+01]"
226,530.0598598656419,505.73828453597065,4.309655717717424,3.8984864659525678,0.21061546254643712,0.19052137433671953,1.1054689442571632,1.6755018626923495,419.0769230769231,4144.0,9.888399412628488,file 4,channel 1,1,zstack 7,26,"[3.84676689e+01 1.57307965e-02 1.73728664e-02 4.06707259e-03
 4.43464556e-03 3.31252900e-03 1.21192001e+01]"
227,197.98826738866097,521.556346146985,4.474937045663852,3.8079382492390454,0.21869286028208815,0.1860962286185891,1.175160087366988,1.4899877199099167,472.2282608695652,3043.0,6.443917596961676,file 4,channel 1,1,zstack 7,27,"[2.49210619e+01 1.44876096e-02 1.70155357e-02 4.03273636e-03
 4.12458605e-03 2.89275770e-03 7.91977828e+00]"
228,234.2233223935199,532.1612031593431,3.8715015948550966,3.5534492894477263,0.18920260748381645,0.17365920035225724,1.089505232662769,1.126211998888887,459.85915492957747,1909.0,4.151271056661562,file 4,channel 1,1,zstack 7,28,"[4.88017980e+01 4.74798670e-02 5.07787751e-02 1.50800215e-02
 1.78216268e-02 1.31635461e-02 1.24869434e+01]"
229,525.6795458815822,548.1008145752565,4.475146969934889,3.820042612708325,0.21870311940725737,0.18668777612908555,1.171491374218496,1.59232535286431,448.4166666666667,3594.0,8.014867125069689,file 4,channel 1,1,zstack 7,29,"[3.56482204e+01 1.66778540e-02 1.95416061e-02 4.61141674e-03
 4.71745351e-03 3.32525863e-03 1.14094186e+01]"
230,515.9561787106334,574.1642951013717,4.9526324469347855,4.066764279547938,0.24203812136207783,0.19874521212519686,1.217831205964394,1.2483666676305676,761.2098765432099,2106.0,2.766648285705018,file 4,channel 1,1,zstack 7,30,"[3.65793491e+01 4.41269979e-02 5.26175336e-02 1.03666704e-02
 9.95799708e-03 7.15164639e-03 1.41796893e+01]"
231,578.1845859250433,587.6328870735297,4.3822550755730605,3.735669688873151,0.21416343675525343,0.1825644206817153,1.173084196556722,1.4174479877857562,291.9875,2383.0,8.161308275183012,file 4,channel 1,1,zstack 7,31,"[2.05671150e+01 1.42668630e-02 1.66748896e-02 4.14374610e-03
 4.30684201e-03 3.00662654e-03 6.26419445e+00]"
232,229.4470569771067,596.0843926874884,4.355538085733027,4.131607090982363,0.21285776142024374,0.2019141192531904,1.054199489404357,1.3672702361533107,439.81333333333333,3016.0,6.857454677742073,file 4,channel 1,1,zstack 7,32,"[2.93345076e+01 1.81415782e-02 1.90811121e-02 4.00085097e-03
 4.50263951e-03 3.60555154e-03 9.99667969e+00]"
233,199.81682889474044,618.8523488725251,4.67707634965525,3.6520038016942458,0.22857152943747766,0.1784756185402588,1.2806877001292962,1.1994813209095263,355.1967213114754,2916.0,8.209535237919416,file 4,channel 1,1,zstack 7,34,"[3.12603361e+01 1.77751325e-02 2.19306152e-02 5.33519780e-03
 5.26613004e-03 3.45863507e-03 9.94089085e+00]"
234,548.9210216039716,639.3342338091207,4.667614098968326,4.084422695977843,0.2281091035650434,0.1996081895386669,1.1427842920285365,1.911493265381242,771.1911764705883,6006.0,7.787952174825041,file 4,channel 1,1,zstack 7,35,"[6.28747206e+01 1.89774992e-02 2.13423159e-02 4.33946988e-03
 4.48984110e-03 3.39176459e-03 2.28875137e+01]"
235,425.7422505462919,22.173024906132234,3.956519211314962,3.516505086824882,0.19335746944684445,0.17185371498788554,1.1251282491069499,1.364171108393407,649.175,4897.0,7.543420495243964,file 5,channel 1,1,zstack 7,0,"[6.19418835e+01 1.98490091e-02 2.22145989e-02 6.64801779e-03
 7.48153752e-03 5.29242914e-03 1.60107329e+01]"
236,325.6677268946624,27.049518979655836,4.51246038593226,3.639803994714684,0.22052664845092682,0.1778794066481083,1.2397536769795159,-0.3996821038737308,931.7837837837837,3894.0,4.17908109989558,file 5,channel 1,1,zstack 7,1,"[1.03199210e+02 6.29370767e-02 5.27086189e-02 1.09668641e-02
 1.62411346e-02 1.57947687e-02 3.14937533e+01]"
237,376.55105605165085,29.569441866918027,4.520653250672522,3.863479531006353,0.22092703866997768,0.1888105644068871,1.1700989262119863,0.6227139202282805,1175.828125,5012.0,4.262527739757884,file 5,channel 1,1,zstack 7,2,"[8.36650122e+01 3.67578231e-02 3.37725957e-02 6.84148113e-03
 9.09656504e-03 8.15034983e-03 2.73493266e+01]"
238,195.77037026812823,37.810049159154616,4.958848921776463,3.2520912647455096,0.24234192422011253,0.15893165274240903,1.5248184992632778,2.31158419130329,1075.1666666666667,5011.0,4.660672763912571,file 5,channel 1,1,zstack 7,3,"[7.64427483e+01 3.06470777e-02 3.35776564e-02 8.54362428e-03
 1.06942050e-02 7.08289328e-03 2.27954156e+01]"
239,346.81284220058217,48.84068932036829,4.7299991426915735,3.550949029275215,0.23115789810928847,0.1735370111364099,1.3320380280583795,1.2467511624352663,747.6323529411765,4722.0,6.315938551112335,file 5,channel 1,1,zstack 7,4,"[4.69913203e+01 1.69217819e-02 2.18104152e-02 5.53082185e-03
 5.25759886e-03 3.28158498e-03 1.46013883e+01]"
240,388.15222772590533,50.46194283898496,5.018411656975036,4.126778036043979,0.2452527908521744,0.20167812043887015,1.2160604745744445,1.0316615557382327,1671.5526315789473,8253.0,4.937325839512587,file 5,channel 1,1,zstack 7,5,"[1.16492833e+02 2.84971355e-02 3.25256290e-02 6.06650279e-03
 6.14021158e-03 4.59377316e-03 4.65496177e+01]"
241,270.1578164182685,59.1640972733116,3.7723324478040605,3.658893251036431,0.18435615172387654,0.17881231006620354,1.0310036912761793,1.61735434474649,1969.4021739130435,6332.0,3.2151888953279797,file 5,channel 1,1,zstack 7,6,"[1.98385351e+02 6.80676420e-02 7.01727369e-02 2.03559031e-02
 2.48912684e-02 1.91382966e-02 5.09495617e+01]"
242,250.05768196438768,60.78331048923819,4.868444892239113,3.790455970093802,0.23792382501585513,0.1852418591399776,1.2843955794897768,1.314384437766392,1123.263888888889,4230.0,3.7658114374034004,file 5,channel 1,1,zstack 7,7,"[6.99395964e+01 3.36266812e-02 4.24639245e-02 9.50226629e-03
 8.89877088e-03 5.85016540e-03 2.41963184e+01]"
243,396.7954786989046,68.38409144557322,4.387173891998487,3.3195129271900035,0.21440382226734045,0.16222658986766916,1.3216318141325234,1.7851390547131678,715.6744186046511,4458.0,6.2290894911288754,file 5,channel 1,1,zstack 7,8,"[4.67392866e+01 1.61711732e-02 2.10796055e-02 6.41609015e-03
 6.18289916e-03 3.74387175e-03 1.25239659e+01]"
244,354.8596003289615,74.49556129358042,4.574287420561018,3.17486930446411,0.223548172755682,0.1551577691775233,1.4407797556041815,2.0808716915718977,1107.5,4788.0,4.323250564334086,file 5,channel 1,1,zstack 7,9,"[1.10606931e+02 3.96542933e-02 5.11227032e-02 1.57455061e-02
 1.60335545e-02 9.39737009e-03 2.94575871e+01]"
245,208.03617624345043,77.61952151993582,4.4825040710611415,3.7126998373289406,0.21906266535667884,0.181441870245095,1.2073435148169769,1.1278571917069344,679.8461538461538,3315.0,4.876103190767142,file 5,channel 1,1,zstack 7,10,"[5.43082145e+01 3.08412359e-02 3.57523887e-02 8.69618711e-03
 9.17196713e-03 6.41226207e-03 1.68373619e+01]"
246,366.76439806883,79.44170222341073,4.63688316942038,4.020777378373554,0.22660726458644148,0.19649780465315636,1.15323051566114,0.0490164106300638,1383.9347826086957,5263.0,3.8029248676583776,file 5,channel 1,1,zstack 7,11,"[6.95063352e+01 3.14384428e-02 2.72572168e-02 4.92276684e-03
 6.71827350e-03 6.62473143e-03 2.45333531e+01]"
247,218.6027527934184,83.2559644836041,4.085212205364958,3.300088901967983,0.19964677333645575,0.16127732609241424,1.2379097432583628,1.454217510501822,537.1666666666666,3257.0,6.0632950667080365,file 5,channel 1,1,zstack 7,12,"[3.78325845e+01 1.70315472e-02 2.10193902e-02 6.88128428e-03
 7.06807604e-03 4.49702324e-03 9.45382138e+00]"
248,320.0054003556782,86.53941005196101,5.2305512166185695,4.086267104543288,0.2556201785056793,0.19969832689268774,1.280031648152177,2.0882890867059327,1695.6896551724137,6121.0,3.6097407219115407,file 5,channel 1,1,zstack 7,13,"[7.67613318e+01 2.87620192e-02 3.42246863e-02 6.29933985e-03
 6.12319997e-03 4.37278675e-03 3.16731866e+01]"
249,256.88626707558046,90.9311055769272,4.171495759618813,3.7492112520969743,0.20386350243957568,0.18322620500714581,1.1126328923945406,0.8580156261153327,810.8805970149253,4291.0,5.29177787185481,file 5,channel 1,1,zstack 7,14,"[8.57585277e+01 3.80564491e-02 3.94233715e-02 9.78621009e-03
 1.16922513e-02 9.10440253e-03 2.50359902e+01]"
250,354.5458719044891,97.20753212170673,5.261477672508738,3.928426434613203,0.25713157297402434,0.19198455858184652,1.3393346572943494,2.3300002299029634,1064.247191011236,5150.0,4.839101332376106,file 5,channel 1,1,zstack 7,15,"[5.54684860e+01 2.40896018e-02 2.49072053e-02 4.46859316e-03
 5.33520512e-03 4.16515786e-03 2.20257148e+01]"
251,386.9130466148276,97.00399127255045,4.243834135230588,3.507507579544666,0.20739872228943443,0.17141400140478028,1.2099287140475716,1.8075187046588872,908.9333333333333,4840.0,5.3249229866510195,file 5,channel 1,1,zstack 7,16,"[6.98865428e+01 2.51394003e-02 3.00722680e-02 8.53503217e-03
 8.88082320e-03 5.92550715e-03 1.92886467e+01]"
252,199.0612834928125,101.78435526189492,4.607882339548313,3.8003521307121417,0.2251899766177935,0.18572549045129016,1.2124882592616095,1.8543211661108043,1324.0217391304348,6478.0,4.8926689105984735,file 5,channel 1,1,zstack 7,17,"[7.09244555e+01 2.13370398e-02 2.54532571e-02 5.89746550e-03
 5.91619446e-03 4.09193930e-03 2.32828447e+01]"
253,257.82711194425724,104.25191145304673,4.214456745377984,3.9423282610000143,0.20596303160844187,0.19266394918436294,1.0690273529655143,2.312217977767914,1088.6976744186047,5040.0,4.629384372196351,file 5,channel 1,1,zstack 7,18,"[5.61973921e+01 2.25795434e-02 2.29218148e-02 5.21138311e-03
 6.23361557e-03 5.05125811e-03 1.75178875e+01]"
254,290.142367594942,107.1980638486554,5.222743209971624,3.443924766023208,0.2552385965327269,0.1683066711313267,1.5165090891350872,1.405981500980919,1009.2987012987013,3858.0,3.82245612229142,file 5,channel 1,1,zstack 7,19,"[5.67616994e+01 2.75018656e-02 4.12695102e-02 1.02794935e-02
 8.26286780e-03 4.47588346e-03 1.85112108e+01]"
255,315.37802442459355,108.87393945460673,4.199770268457764,3.8617754214366387,0.20524529466323455,0.18872728354902654,1.0875231752589554,1.7479742775572737,990.8111111111111,5542.0,5.593397104504727,file 5,channel 1,1,zstack 7,20,"[1.11352632e+02 3.74225851e-02 4.05870564e-02 9.82361602e-03
 1.10253177e-02 8.31977281e-03 3.37358994e+01]"
256,229.6627903193943,119.5101003898487,5.156221333346149,3.707802444539943,0.25198763248069544,0.18120253171898354,1.390640793427149,1.0272459005477044,911.0149253731344,4518.0,4.959304040106163,file 5,channel 1,1,zstack 7,21,"[5.80609678e+01 2.42951919e-02 3.01914594e-02 6.46527753e-03
 6.42618985e-03 4.12649840e-03 2.06585448e+01]"
257,261.5596093014577,133.33225309360355,4.325329441929094,3.505661794690988,0.21138144685954474,0.17132379679072715,1.23381252820207,1.7591403172044517,731.7619047619048,4740.0,6.477516756686406,file 5,channel 1,1,zstack 7,22,"[6.02422051e+01 2.01339548e-02 2.46485074e-02 6.89900900e-03
 6.99222874e-03 4.56836009e-03 1.68720396e+01]"
258,225.60183464667722,150.17525264363778,4.598588419801505,3.4426205521365953,0.22473577717947266,0.16824293341560634,1.3357813764713282,1.9988616536340666,1002.2816901408451,4704.0,4.69329136336809,file 5,channel 1,1,zstack 7,23,"[8.97496706e+01 3.25842733e-02 4.10045454e-02 1.10768878e-02
 1.10677971e-02 6.92855760e-03 2.61833246e+01]"
259,267.5842135818435,151.50287810404404,4.224536610981153,3.4392460865993786,0.20645564069266398,0.16807802125869178,1.228332170658438,1.6232167950721939,1301.671875,5341.0,4.103184606335602,file 5,channel 1,1,zstack 7,24,"[1.71386613e+02 5.46481791e-02 6.71021807e-02 1.98327757e-02
 2.01983649e-02 1.30721450e-02 4.58760862e+01]"
260,279.09222344533896,155.61450392373192,3.8864136685357624,3.824150837991549,0.18993136947816053,0.18688854756535458,1.0162814787339596,0.7621715585452705,998.4647887323944,4200.0,4.206457801413437,file 5,channel 1,1,zstack 7,25,"[7.54370597e+01 3.54427450e-02 3.53934439e-02 9.17359087e-03
 1.14189494e-02 9.19375941e-03 2.08520584e+01]"
261,351.2221787483563,160.40952293737604,5.025926849227111,3.73693821811899,0.24562006280983661,0.1826264144676151,1.3449317478298963,0.8087016444968732,1436.2111111111112,5433.0,3.7828700516018223,file 5,channel 1,1,zstack 7,26,"[5.79294914e+01 2.42755337e-02 2.49080346e-02 4.98591678e-03
 6.15037824e-03 4.72392194e-03 2.05484183e+01]"
262,361.60108621915435,167.2422543991808,3.8700806471990075,3.709435560393074,0.18913316491869203,0.18128234307128835,1.0433071512337877,0.014903667814442198,1106.876404494382,4094.0,3.6986966054896864,file 5,channel 1,1,zstack 7,27,"[5.89734676e+01 3.05119753e-02 2.92444663e-02 7.75406936e-03
 1.01421089e-02 8.45548964e-03 1.57233885e+01]"
263,249.53667163744817,179.19111261084137,6.190010190379724,3.812267146047266,0.3025095146357737,0.18630778440478124,1.623708400602988,-0.7579733809253651,1374.3,4936.0,3.5916466564796625,file 5,channel 1,1,zstack 7,28,"[1.00067100e+02 5.92359348e-02 5.57852441e-02 8.35828353e-03
 1.20075670e-02 9.44248527e-03 4.48818068e+01]"
264,336.3681439204947,187.6330440358672,4.772868491551558,4.227347649233223,0.23325294892787038,0.206593017819858,1.1290456540562224,1.3127647759723455,1139.2727272727273,4164.0,3.6549632939674432,file 5,channel 1,1,zstack 7,29,"[5.02587727e+01 2.77951688e-02 3.11416015e-02 5.90346083e-03
 6.01443009e-03 4.64864015e-03 1.95360956e+01]"
265,270.21304761101993,191.74284571236166,4.533983195008628,3.512025901696958,0.22157848105330433,0.17163481452127274,1.290987971591518,2.2050279549810368,723.1315789473684,4126.0,5.705738927908585,file 5,channel 1,1,zstack 7,30,"[8.37687112e+01 3.78854764e-02 4.31714771e-02 1.10868236e-02
 1.23548454e-02 8.48136505e-03 2.47705197e+01]"
266,361.0761369073093,196.0134820248675,6.503671210794226,4.526802088247548,0.3178383170330977,0.22122753605418008,1.4367032364147336,1.4149170931653543,1669.6875,5218.0,3.1251356915590494,file 5,channel 1,1,zstack 7,31,"[1.18648669e+02 5.72100450e-02 8.51587654e-02 1.15515943e-02
 8.26997611e-03 5.63171297e-03 6.81315961e+01]"
267,393.0452433375988,195.6980843806709,4.34772137360192,3.7464790007879216,0.21247575400505342,0.1830926782451626,1.160481981264956,1.3543909948826518,811.5316455696203,6667.0,8.2153296626164,file 5,channel 1,1,zstack 7,32,"[5.92710456e+01 1.49172675e-02 1.71871608e-02 4.27074397e-03
 4.50913637e-03 3.19115459e-03 1.79928218e+01]"
268,241.83534916043112,201.872077884299,4.884509037650819,3.3902639280003775,0.23870888944742685,0.1656842337578852,1.4407459541156629,1.6944074966274552,689.5757575757576,3997.0,5.796317454737212,file 5,channel 1,1,zstack 7,33,"[5.31737128e+01 2.19544456e-02 3.14646263e-02 8.50474092e-03
 7.24115955e-03 4.07130190e-03 1.60773607e+01]"
269,228.5683525734162,209.4014589656747,4.389409271189094,3.438945577695488,0.21451306659056116,0.16806333520812583,1.2763823014990927,1.636975273160915,1072.5869565217392,7285.0,6.791990109244208,file 5,channel 1,1,zstack 7,34,"[8.06906243e+01 1.66607304e-02 2.12486266e-02 6.09680557e-03
 5.92874507e-03 3.71540799e-03 2.24204964e+01]"
270,280.00829682071685,218.18945274392743,3.705967015418316,3.1851113202867563,0.18111283319577356,0.15565830264033018,1.1635282546685581,1.0822564397183931,1127.9016393442623,4552.0,4.035812912415337,file 5,channel 1,1,zstack 7,35,"[9.74903665e+01 3.71169110e-02 4.14763651e-02 1.54819160e-02
 1.80443678e-02 1.23844354e-02 2.16444173e+01]"
271,313.71199402509706,220.83682859225434,4.565593728903712,3.2578826483017456,0.22312330682448664,0.15921468113408913,1.4013990747283807,1.5363652518079622,819.7818181818182,4106.0,5.008649751596877,file 5,channel 1,1,zstack 7,36,"[5.67303946e+01 2.24528575e-02 3.14650361e-02 9.63861391e-03
 8.56078295e-03 4.85280912e-03 1.54612461e+01]"
272,375.9342718166968,227.8157875678848,3.915279016049845,3.850390771022294,0.19134203634262692,0.1881709088476579,1.0168523791184765,1.2236747813169218,1211.0441176470588,7909.0,6.530728224308144,file 5,channel 1,1,zstack 7,37,"[1.09757719e+02 2.51138791e-02 2.54824085e-02 6.54125536e-03
 7.98204177e-03 6.34883906e-03 3.08279673e+01]"
273,246.47169656637178,232.72508404397968,4.371105751743133,3.8812912816240956,0.213618562605361,0.1896810353541823,1.1261988432659138,1.8592434012146875,1193.463768115942,6783.0,5.683456994013285,file 5,channel 1,1,zstack 7,38,"[8.70050897e+01 2.37372700e-02 2.64564816e-02 6.13318875e-03
 6.64143601e-03 4.90882988e-03 2.75789194e+01]"
274,215.86261655206835,234.89539687764446,4.530476723839017,3.151948413968908,0.22140711770187532,0.15403761149676543,1.4373575099645357,1.5176410345396394,740.7272727272727,3982.0,5.375797741777123,file 5,channel 1,1,zstack 7,39,"[4.90614041e+01 1.88572258e-02 2.70826105e-02 8.85396250e-03
 7.74156388e-03 4.24849995e-03 1.28400306e+01]"
275,313.8739978297256,234.78403600376674,4.995731903107534,4.0373904905219,0.24414441766319653,0.19730969741876062,1.2373665403025587,0.9733369423373832,1730.9666666666667,4858.0,2.8065242927843785,file 5,channel 1,1,zstack 7,40,"[7.84818110e+01 4.40648182e-02 4.98863491e-02 9.59650446e-03
 9.94055814e-03 7.38423016e-03 3.05345102e+01]"
276,327.532803002617,246.45916147344144,4.000384874453503,3.5568140774922195,0.19550121074243063,0.1738236395642918,1.1247101443306333,2.1097685767299788,1067.4444444444443,4653.0,4.359009055896743,file 5,channel 1,1,zstack 7,41,"[6.64787973e+01 2.51626693e-02 2.72273050e-02 7.78012302e-03
 9.07638922e-03 6.62705469e-03 1.75103804e+01]"
277,297.40945391791615,253.92654601195073,4.178718591824653,4.153857299848955,0.20421648658623834,0.20300150032006462,1.0059851097861745,1.44223776197742,890.8915662650602,5937.0,6.664110678351185,file 5,channel 1,1,zstack 7,42,"[6.73042132e+01 2.14940719e-02 2.16188105e-02 4.62504773e-03
 5.50502485e-03 4.57412006e-03 2.20219962e+01]"
278,231.37178351081172,256.50532466541455,6.185598541294294,3.373621228088835,0.30229391469610783,0.16487089502052835,1.8335189765208029,1.849545449290271,1509.9285714285713,5203.0,3.4458583660532667,file 5,channel 1,1,zstack 7,43,"[8.54328552e+01 3.08986911e-02 5.41445469e-02 1.18695829e-02
 8.56154574e-03 3.94243906e-03 3.06414096e+01]"
279,257.3457544169609,255.4160466299756,6.687404401385361,3.425795860104345,0.3268174683751404,0.16742070061403802,1.9520732333366975,1.7196200029236532,1315.1666666666667,5407.0,4.11126599923964,file 5,channel 1,1,zstack 7,44,"[5.25863487e+01 1.66062686e-02 3.28153764e-02 6.54489400e-03
 4.09316887e-03 1.81006940e-03 2.00725681e+01]"
280,211.0898951112187,263.3694621417752,4.664909336946371,4.088454535720801,0.22797692022102586,0.19980522796771938,1.1409957714312555,-0.7655710522471958,925.9550561797753,4406.0,4.758330299720908,file 5,channel 1,1,zstack 7,45,"[4.50841292e+01 2.18394193e-02 2.17739161e-02 4.16189269e-03
 4.94186631e-03 4.18581358e-03 1.64697367e+01]"
281,258.16324575708506,270.8764829733637,5.703793868236971,3.673807000876918,0.2787478310366111,0.17954115397548445,1.5525567529474211,2.2603594871232,1084.1944444444443,5015.0,4.625554046783327,file 5,channel 1,1,zstack 7,46,"[6.05803098e+01 2.56463916e-02 3.03228036e-02 5.82865449e-03
 6.44129908e-03 4.10240051e-03 2.39648483e+01]"
282,325.71609095353125,277.3173878347572,4.4194802229582875,3.414121888918675,0.2159826520588488,0.1668501866328595,1.2944705452089267,1.7268071005397778,1309.015873015873,5145.0,3.9304336227385166,file 5,channel 1,1,zstack 7,47,"[1.15539821e+02 4.25905764e-02 5.47727721e-02 1.58108879e-02
 1.52743873e-02 9.47066621e-03 3.21164529e+01]"
283,302.6142066079778,285.30975921635957,5.016599572435549,3.6354158815481536,0.2451642331927103,0.17766495692293063,1.379924535703798,0.822467682978007,970.6,5775.0,5.949927879662065,file 5,channel 1,1,zstack 7,48,"[7.86374375e+01 2.66607877e-02 2.82953446e-02 5.96756048e-03
 7.24820745e-03 5.28001553e-03 2.67496722e+01]"
284,375.4042590095757,296.1162401209665,4.319490899753505,3.480548229300989,0.21109611379782167,0.17009648177132547,1.2410375076517768,1.76278212745443,870.6818181818181,4684.0,5.379691986426521,file 5,channel 1,1,zstack 7,49,"[7.16510557e+01 2.55375664e-02 3.14264612e-02 8.92218457e-03
 9.00881178e-03 5.84773867e-03 1.99257636e+01]"
285,251.23796779092572,302.7957335648888,5.358689567614114,3.4177257389563365,0.26188237665619846,0.1670263089480388,1.5679109375378042,1.4189549968817037,1239.2432432432433,4705.0,3.796671900898543,file 5,channel 1,1,zstack 7,50,"[6.12100948e+01 2.37519610e-02 3.69175915e-02 9.12152516e-03
 7.07207116e-03 3.70582579e-03 2.01797348e+01]"
286,341.68159809157163,305.31961421794784,4.388692431236272,3.430847864260113,0.2144780341916587,0.16766759509047593,1.2791859636080731,2.115399167038406,1195.1011235955057,4906.0,4.105091948403595,file 5,channel 1,1,zstack 7,51,"[1.36403328e+02 5.52271809e-02 6.49336959e-02 1.81145398e-02
 1.95984021e-02 1.30213466e-02 3.79921235e+01]"
287,343.8532640571527,328.4137766950578,4.462564387641766,4.397461095992624,0.21808820105570553,0.21490656410322015,1.014804745335546,1.3544264936012966,1029.3152173913043,4370.0,4.2455410414268675,file 5,channel 1,1,zstack 7,52,"[5.56594776e+01 2.88501803e-02 2.92645662e-02 5.44121201e-03
 6.17473492e-03 5.27724402e-03 2.10731400e+01]"
288,265.4963389750654,329.2853415775513,4.965338622299016,4.17555509739535,0.24265907978122295,0.20406188471403966,1.1891445583837037,0.9579709745266132,2582.5444444444443,8236.0,3.189102908845282,file 5,channel 1,1,zstack 7,53,"[1.13921873e+02 3.48827761e-02 3.84218948e-02 7.01613296e-03
 7.36645391e-03 5.72518267e-03 4.56517843e+01]"
289,302.9413141604025,330.77456336998523,4.60679139983794,3.4423901074920993,0.22513666173912095,0.1682316714474653,1.3382537295269383,1.846334326916058,841.8474576271186,5083.0,6.037910970625541,file 5,channel 1,1,zstack 7,54,"[6.59750115e+01 2.11711664e-02 2.76578943e-02 7.57450623e-03
 7.17988197e-03 4.38423588e-03 1.92743293e+01]"
290,319.63760688421047,355.14542449865104,4.769552908952649,3.7632113558953244,0.2330909144155057,0.18391039848577231,1.2674156346495986,2.1523785742203247,1431.4153846153847,9925.0,6.933696610133058,file 5,channel 1,1,zstack 7,55,"[1.02028998e+02 1.84521904e-02 2.12934162e-02 4.73531350e-03
 5.01486899e-03 3.51854875e-03 3.44078101e+01]"
291,636.1691968616166,369.33813300210255,4.756910219772266,3.6157563776421653,0.2324730586042838,0.17670418516300307,1.3156058436863622,1.732723417340704,1182.6538461538462,7261.0,6.139581775017073,file 5,channel 1,1,zstack 7,56,"[1.68646030e+02 4.16996853e-02 5.44821040e-02 1.34513097e-02
 1.24045410e-02 7.75908147e-03 5.36036592e+01]"
292,240.4253323949836,378.4420043049075,4.476193313573456,3.870145320306207,0.21875425484912417,0.18913632553227216,1.156595668407433,0.9196587918291638,1274.4565217391305,6663.0,5.228110874200426,file 5,channel 1,1,zstack 7,57,"[7.29554175e+01 2.06242971e-02 2.21295634e-02 4.91905976e-03
 5.57478619e-03 4.25280013e-03 2.36532260e+01]"
293,643.0018934458901,398.6410211351304,7.9732902125076,3.1095832670898735,0.38965948004164364,0.1519672013317276,2.564102494663043,0.7521756045295532,1879.5866666666666,5306.0,2.822961076548745,file 5,channel 1,1,zstack 7,58,"[1.04382807e+02 8.13946570e-02 6.89656296e-02 9.57830099e-03
 1.73850134e-02 1.17535162e-02 3.85309837e+01]"
294,235.13826873063562,414.17753215104153,4.236128577470174,3.4939716516819583,0.20702214705507962,0.1707524924828311,1.2124106889736639,1.337330711476048,949.8695652173913,5486.0,5.7755298210280595,file 5,channel 1,1,zstack 7,59,"[8.14364491e+01 2.49414522e-02 2.99028939e-02 8.55669157e-03
 8.89613830e-03 5.91404879e-03 2.23324638e+01]"
295,640.9339729992768,414.3728565077207,5.414154071459791,3.641044003408281,0.264592960261367,0.17794000661749562,1.486978478258365,2.277729154656088,1917.621951219512,10372.0,5.408782473210596,file 5,channel 1,1,zstack 7,60,"[1.07377469e+02 2.06516079e-02 2.36089917e-02 4.76664950e-03
 5.41923319e-03 3.60559814e-03 3.97907414e+01]"
296,261.94882944583156,428.2835296099611,4.005814299933989,3.316651865310743,0.19576655002562043,0.16208676805577893,1.207788596033029,1.440369909156894,905.9245283018868,3798.0,4.192402216020327,file 5,channel 1,1,zstack 7,61,"[7.33847715e+01 3.40971380e-02 4.10432196e-02 1.35334634e-02
 1.42831417e-02 9.30271489e-03 1.81078068e+01]"
297,233.50556967523084,432.85493520945363,4.0366559833061,3.326602530737314,0.19727380161010857,0.16257306304979577,1.213447036731319,1.845180590205686,900.7777777777778,4386.0,4.869125447144443,file 5,channel 1,1,zstack 7,62,"[8.14194585e+01 2.99425468e-02 3.57678999e-02 1.15927978e-02
 1.23516699e-02 8.09595299e-03 2.02946856e+01]"
298,594.6510386361355,432.79782251944727,4.398252805472651,3.7583981057466924,0.21494525542087056,0.1836751720610168,1.1702466534206697,-0.7657982733380133,954.9101123595506,4286.0,4.488380575852777,file 5,channel 1,1,zstack 7,63,"[6.00245473e+01 2.87326157e-02 2.86868861e-02 6.52970809e-03
 8.10588362e-03 6.55399402e-03 1.85596915e+01]"
299,607.6781445694871,435.6917478413695,4.633184609422203,4.211777907759786,0.22642651373862566,0.2058321152056016,1.1000543501797702,0.8819226532408266,1440.8478260869565,8406.0,5.834065088489567,file 5,channel 1,1,zstack 7,64,"[8.89001720e+01 2.20807329e-02 2.29388022e-02 4.35299325e-03
 4.87055067e-03 4.01792025e-03 3.33702716e+01]"
300,591.7637717223381,479.4158954992452,4.241244087430297,3.774476556897198,0.2072721450983068,0.18446093562263316,1.1236641752828382,1.728039379356174,557.1323529411765,3715.0,6.66807443579253,file 5,channel 1,1,zstack 7,65,"[4.11525448e+01 1.89466913e-02 2.12294520e-02 5.30861825e-03
 5.78723619e-03 4.20208522e-03 1.22547660e+01]"
301,282.85637201052674,489.89037506059435,4.3043059669398165,3.4379963698223577,0.2103540170138156,0.16801694684943858,1.2519809516733786,1.5578124995341645,787.4035087719299,5369.0,6.818613252528853,file 5,channel 1,1,zstack 7,66,"[9.49855906e+01 2.78412192e-02 3.48602693e-02 1.01831864e-02
 1.01068774e-02 6.44394775e-03 2.59930284e+01]"
302,610.1514737035733,498.16267770902857,6.837720184512512,3.420053902767614,0.3341634909497981,0.1671400877113818,1.9993018762011956,2.2565913787478538,1416.7368421052631,4130.0,2.9151497139460583,file 5,channel 1,1,zstack 7,67,"[6.52658623e+01 4.48911536e-02 5.88808854e-02 1.01463296e-02
 1.18264732e-02 6.25289426e-03 2.57819163e+01]"
303,571.2290557452644,503.32583784168867,5.610757193492116,3.4951297982322007,0.274201072880359,0.17080909180012066,1.6053072467666227,1.379020548458481,1031.860465116279,4801.0,4.652760874464728,file 5,channel 1,1,zstack 7,68,"[4.35580427e+01 1.57815254e-02 2.49666411e-02 5.70934070e-03
 4.32533600e-03 2.24757593e-03 1.53064380e+01]"
304,381.19109625764065,509.4708693648232,4.381697718560701,3.2180735785286867,0.21413619838340875,0.15726918799195086,1.3615902842606933,1.8504896801356467,656.475,3567.0,5.433565634639552,file 5,channel 1,1,zstack 7,69,"[4.20316490e+01 1.79015459e-02 2.37346120e-02 7.60864928e-03
 7.30264144e-03 4.29475201e-03 1.08910795e+01]"
305,313.3546640033149,512.4934026443611,4.038000359293427,3.859630178718437,0.19733950207180512,0.1886224442493324,1.0462143190709057,0.9096122122569646,865.1857142857143,3737.0,4.319303865396364,file 5,channel 1,1,zstack 7,70,"[5.06869188e+01 2.58522035e-02 2.63989177e-02 6.49129925e-03
 7.85483054e-03 6.22417570e-03 1.46277116e+01]"
306,225.8071647884342,523.8774558755331,5.343697068909131,4.20675719698062,0.2611496842426269,0.2055867500552675,1.2702651516813341,0.7253916388479146,1245.3037974683543,6331.0,5.083900019313065,file 5,channel 1,1,zstack 7,71,"[7.92812048e+01 2.93079027e-02 2.73523978e-02 4.20860243e-03
 5.28524840e-03 4.87893355e-03 3.54408992e+01]"
307,308.72654231420734,533.0305573662005,5.083803432104153,3.8667953885733746,0.24844852616553864,0.18897261235710858,1.3147329820261797,0.5304927444760507,1210.6436781609195,5416.0,4.473653229022274,file 5,channel 1,1,zstack 7,72,"[6.00554774e+01 2.75779245e-02 2.28994098e-02 3.81896191e-03
 5.59793371e-03 5.63780251e-03 2.24159187e+01]"
308,638.8186336034108,553.7161063056466,4.096132312720624,3.6873947989343896,0.20018044553962389,0.18020519782499586,1.1108472339073523,-0.37916009633932374,1408.7567567567567,7770.0,5.515501496431587,file 5,channel 1,1,zstack 7,73,"[1.82880892e+02 4.56671583e-02 4.17857377e-02 1.01379384e-02
 1.37885650e-02 1.21494119e-02 5.13691610e+01]"
309,224.25097368402294,566.6142806346893,4.5016669553408954,3.5818350647527386,0.2199991670172899,0.17504643023491961,1.2568046473272367,1.3408597662063706,722.0454545454545,3927.0,5.438715769593957,file 5,channel 1,1,zstack 7,75,"[4.92525897e+01 2.10665253e-02 2.61440611e-02 6.82199969e-03
 6.73723958e-03 4.38253546e-03 1.46793071e+01]"
310,639.7274576765284,578.2163953199491,4.318741116745077,3.638989375379374,0.21105947145201195,0.17783959571207453,1.1867968469390866,2.256301951274483,2055.9,9966.0,4.847512038523274,file 5,channel 1,1,zstack 7,76,"[2.21110430e+02 4.26092140e-02 4.56641707e-02 1.14940850e-02
 1.34185883e-02 9.97542899e-03 6.47159200e+01]"
311,221.90439421861316,578.6124722804512,4.4592263599234245,3.6566611673101153,0.21792506963687755,0.1787032267943014,1.2194803280621394,2.125279721459549,814.7213114754098,5494.0,6.743410197593464,file 5,channel 1,1,zstack 7,77,"[5.73952643e+01 1.79590629e-02 2.04238271e-02 5.04778301e-03
 5.50684841e-03 3.87300610e-03 1.73320106e+01]"
312,360.7208062342385,590.3751532382981,4.980324806610779,3.630053116010521,0.24339146360660652,0.1774028753511723,1.371970229483646,1.7571039264424448,708.4027777777778,3529.0,4.981629252034114,file 5,channel 1,1,zstack 7,78,"[3.68742755e+01 1.82626434e-02 2.47976966e-02 5.86252611e-03
 5.16109067e-03 3.12362895e-03 1.22812729e+01]"
313,609.227808944506,597.7005025849458,4.4195373203400585,4.031190374033806,0.2159854424421786,0.1970066940032875,1.0963355511086055,1.7630209160981347,1227.945652173913,6556.0,5.33899850404086,file 5,channel 1,1,zstack 7,79,"[5.58467828e+01 1.65797252e-02 1.81167444e-02 3.92670438e-03
 4.25994417e-03 3.26548275e-03 1.87988329e+01]"
314,610.3218930673365,613.0015236304976,4.580765696509815,3.8552400622466494,0.22386476999101337,0.18840789662142393,1.188192076900229,1.5626656444234879,741.7325581395348,4381.0,5.9064415494834535,file 5,channel 1,1,zstack 7,80,"[3.72075125e+01 1.54768734e-02 1.83961921e-02 4.20414990e-03
 4.19958703e-03 2.93928058e-03 1.23412840e+01]"
315,242.27959313429918,615.8001937335059,3.945682921227316,3.5803393672438526,0.19282789344389037,0.1749733345996074,1.1020415989964396,2.181648777158532,443.1063829787234,3314.0,7.479016613848075,file 5,channel 1,1,zstack 7,81,"[3.51719218e+01 1.74972720e-02 1.84764454e-02 5.26961618e-03
 6.29480798e-03 4.71916507e-03 9.23520038e+00]"
316,570.1280298648835,638.7916517778007,3.8469072571772545,3.3494363567585146,0.1880006674344648,0.16368896583743356,1.1485237656225173,1.7158285687811483,445.6818181818182,3142.0,7.049872514023457,file 5,channel 1,1,zstack 7,82,"[3.90558739e+01 1.85655777e-02 2.12577662e-02 7.12078175e-03
 7.93824230e-03 5.41849559e-03 9.38047913e+00]"
317,269.3136365103602,34.55550510596461,4.512220707807192,3.534906973983209,0.22051493523704618,0.17275302626225136,1.2764750928431716,1.5938482264605716,728.6724137931035,4539.0,6.229136597023401,file 6,channel 1,1,zstack 7,0,"[4.73595155e+01 1.66595508e-02 2.12757645e-02 5.69496726e-03
 5.45971084e-03 3.45389949e-03 1.39083298e+01]"
318,381.14178915489185,37.1358408787578,4.369580600435626,4.067739169525588,0.2135440275452254,0.19879285558375215,1.0742037329166416,1.376272001838293,731.9594594594595,4310.0,5.888304255515554,file 6,channel 1,1,zstack 7,1,"[4.35201144e+01 1.92784962e-02 2.06530611e-02 4.44828131e-03
 4.92020706e-03 3.85444627e-03 1.46597020e+01]"
319,302.95920159735533,58.00244398425247,4.015298822898438,3.803660703449715,0.19623006435763016,0.18588718238752253,1.0556406409374997,0.3506300773300064,604.4468085106383,4015.0,6.642437255799218,file 6,channel 1,1,zstack 7,2,"[4.49722975e+01 2.05457467e-02 1.96016142e-02 4.79315149e-03
 6.21397087e-03 5.27653167e-03 1.28066465e+01]"
320,357.8749434746794,61.130542323178275,3.9746752690644414,3.517500871663002,0.19424476689039794,0.17190237959081778,1.1299713671955103,1.9958557137934176,704.8387096774194,3465.0,4.916018306636156,file 6,channel 1,1,zstack 7,3,"[5.51385122e+01 2.76209834e-02 3.04668564e-02 9.00472000e-03
 1.03025917e-02 7.38155896e-03 1.43291309e+01]"
321,363.8742179370695,107.94436646298365,4.366322812821323,3.57587662286265,0.21338481750845992,0.1747552376021583,1.221049625958819,1.005181729426669,682.4533333333334,3046.0,4.463308846514535,file 6,channel 1,1,zstack 7,4,"[3.71401197e+01 2.33744566e-02 2.65064960e-02 6.92684398e-03
 7.64216259e-03 5.35519484e-03 1.07879889e+01]"
322,351.4738741572583,114.73494940835741,5.114755721425277,3.384973985140617,0.24996118312916552,0.16542571107411902,1.511017734221317,1.274255415682554,773.0133333333333,3969.0,5.134452187111909,file 6,channel 1,1,zstack 7,5,"[4.79515172e+01 1.93133584e-02 2.80277045e-02 7.23309613e-03
 6.17965799e-03 3.37825999e-03 1.50591363e+01]"
323,390.82209713319673,118.26344371507669,6.816360431770342,3.3586412310951643,0.3331196270083758,0.16413881357309495,2.0294994203795045,1.157246340464918,1122.6,3120.0,2.779262426509888,file 6,channel 1,1,zstack 7,6,"[5.53215549e+01 3.94113863e-02 7.16827612e-02 1.34583531e-02
 1.07332586e-02 4.76277830e-03 2.05836821e+01]"
324,418.95452128367526,166.99789231505466,4.0031583812460525,3.847673037230246,0.19563675368466313,0.18803809156544737,1.0404102278211593,0.6087072348397409,869.5090909090909,6088.0,7.001651924806056,file 6,channel 1,1,zstack 7,7,"[7.01256330e+01 2.09239507e-02 2.04605948e-02 5.01456618e-03
 6.32830544e-03 5.24950106e-03 2.01550381e+01]"
325,374.98099941937977,175.37734328025886,4.5121967456210665,4.168663569302918,0.22051376419062277,0.20372509159832228,1.08240846751171,0.9328515815302064,982.9764705882353,4522.0,4.600313573420464,file 6,channel 1,1,zstack 7,8,"[3.44954778e+01 1.62545079e-02 1.69307253e-02 3.35980437e-03
 3.77795242e-03 3.08284403e-03 1.24020381e+01]"
326,473.53942323147567,198.26774808374884,4.37569135056051,3.2233540257333098,0.21384266357287074,0.15752724661734907,1.3574963580257198,1.5413520804363305,677.6595744680851,3410.0,5.032025117739403,file 6,channel 1,1,zstack 7,9,"[3.78594869e+01 1.68443598e-02 2.28652755e-02 7.38800259e-03
 6.84396545e-03 3.97664781e-03 9.82237293e+00]"
327,422.322708354334,207.00146536441167,4.554298343469938,3.9332050855379475,0.22257129455631533,0.19221809412175642,1.1579102142971636,2.1798991048743415,1080.5555555555557,4374.0,4.047917737789203,file 6,channel 1,1,zstack 7,10,"[5.37368726e+01 2.66621148e-02 2.89552283e-02 6.23542283e-03
 6.88741545e-03 5.25454529e-03 1.82083947e+01]"
328,398.29208948203217,223.09854920778864,4.676392849648212,3.6574334688939083,0.22853812638174376,0.17874096963640992,1.2785995669970343,1.7563947738709869,711.4383561643835,3975.0,5.587272552228748,file 6,channel 1,1,zstack 7,11,"[3.32804571e+01 1.46672458e-02 1.85916207e-02 4.56021499e-03
 4.33379773e-03 2.79735073e-03 1.05767693e+01]"
329,157.12292075596875,251.99092548290167,4.355203226199501,3.5866688481097846,0.21284139663378257,0.17528266012989896,1.2142752539016093,1.4209423889811053,608.0714285714286,3480.0,5.723011864207683,file 6,channel 1,1,zstack 7,12,"[4.18433237e+01 2.05357615e-02 2.48239442e-02 6.65809016e-03
 6.76714801e-03 4.51735145e-03 1.21310461e+01]"
330,159.12574509134419,264.6911755344328,4.188133168329899,3.7341128077798085,0.20467658259278926,0.18248833496789457,1.1215872106499207,1.1049844162999336,816.1194029850747,4909.0,6.015051207022677,file 6,channel 1,1,zstack 7,13,"[6.52207151e+01 2.34470765e-02 2.55867700e-02 6.51361483e-03
 7.35800301e-03 5.44538391e-03 1.89931685e+01]"
331,430.1739802325518,277.97037726810385,5.705831043312094,3.775906893200999,0.27884738900570155,0.18453083701660844,1.5111153968298767,2.0106134172956307,1179.7662337662337,3571.0,3.026870830673037,file 6,channel 1,1,zstack 7,14,"[7.56850520e+01 5.18468782e-02 7.23450038e-02 1.38661465e-02
 1.22977119e-02 7.25070835e-03 2.94825968e+01]"
332,462.070468546944,278.6799773543928,4.211572881238105,3.700093235311226,0.20582209543638416,0.18082577803518035,1.138234258814253,0.8885027950925517,818.48,4507.0,5.506548724464862,file 6,channel 1,1,zstack 7,15,"[4.23733270e+01 1.74903281e-02 1.84530067e-02 4.64742039e-03
 5.47393511e-03 4.16277065e-03 1.23000412e+01]"
333,381.2992483782255,280.79834413968297,4.595453265652035,3.4335674931036224,0.2245825603137656,0.16780050498498922,1.3383902529605372,1.6579299985717548,907.0326086956521,3276.0,3.6117775354416577,file 6,channel 1,1,zstack 7,16,"[7.12866722e+01 4.17687165e-02 5.57938843e-02 1.54945476e-02
 1.42488967e-02 8.57580958e-03 2.06839498e+01]"
334,446.1980912079498,285.9306991808476,4.336308143893522,3.9084162227717445,0.21191798261642467,0.191006647514539,1.1094796195524763,1.3819819358082008,1370.5774647887324,6929.0,5.055533290172745,file 6,channel 1,1,zstack 7,17,"[1.07032922e+02 3.02680148e-02 3.34551203e-02 7.75411113e-03
 8.43044302e-03 6.30612077e-03 3.40820575e+01]"
335,462.25011382534666,303.74504541131046,3.969682076713959,3.926127202839646,0.19400074658219635,0.19187219374455838,1.0110935972331234,2.0654822216664575,597.7888888888889,2918.0,4.881321908514711,file 6,channel 1,1,zstack 7,18,"[3.03785820e+01 2.01289780e-02 2.02915770e-02 4.97293294e-03
 6.06617992e-03 4.89166169e-03 8.82894752e+00]"
336,418.61375599175966,306.9705430442966,4.708729655803359,3.9944313281701063,0.23011844551434676,0.19521025736090777,1.1788235343028117,1.3804122940409773,940.4666666666667,4744.0,5.044304246118948,file 6,channel 1,1,zstack 7,19,"[4.67457310e+01 1.87895895e-02 2.20207550e-02 4.63781776e-03
 4.61822814e-03 3.33069632e-03 1.66877272e+01]"
337,199.04148804109892,314.0151121638278,4.596103357697736,3.7022617202790085,0.22461433070237002,0.18093175319756674,1.241431239861499,1.8314481484396594,871.0,6828.0,7.839265212399541,file 6,channel 1,1,zstack 7,20,"[6.53520287e+01 1.60978050e-02 1.96757390e-02 4.77861700e-03
 4.71819599e-03 3.15772046e-03 2.07514222e+01]"
338,211.53225498875537,315.6188906998286,4.536539820062401,4.27919402346022,0.2217034248547418,0.20912678125814912,1.060138847453822,0.5172308142808836,968.6043956043956,4749.0,4.902930465266669,file 6,channel 1,1,zstack 7,21,"[4.34759602e+01 2.00895071e-02 1.92748776e-02 3.50642896e-03
 4.25988620e-03 3.82440105e-03 1.61050143e+01]"
339,389.6745665591312,320.88843375587095,4.3822915306878185,3.5446480461453134,0.21416521833860017,0.17322907830758885,1.2363121736312903,1.3853938024550707,608.4383561643835,3216.0,5.285662824207493,file 6,channel 1,1,zstack 7,22,"[3.57049578e+01 1.89410016e-02 2.32380416e-02 6.32096062e-03
 6.35082538e-03 4.16299536e-03 1.02721279e+01]"
340,315.4043339413506,323.53100340272147,4.734385366924907,3.373343481563229,0.23137225552116664,0.16485732138105624,1.4034697008473511,0.8851510167239391,888.1547619047619,3348.0,3.769613296695932,file 6,channel 1,1,zstack 7,23,"[5.86850257e+01 3.60375673e-02 4.12085469e-02 1.06491383e-02
 1.22590505e-02 8.09216381e-03 1.72605105e+01]"
341,93.56014575850892,324.1072305357126,4.7036756397440245,4.125712359809104,0.22987145271497353,0.201626040201414,1.140088118009677,0.03883882292284289,1031.4021739130435,3716.0,3.6028622917303377,file 6,channel 1,1,zstack 7,24,"[6.07394737e+01 4.40617413e-02 3.86153874e-02 6.68948863e-03
 8.91559511e-03 8.82163533e-03 2.25061411e+01]"
342,26.077855752247896,341.19607016426335,4.341142239503,3.5642501276265635,0.21215422777136786,0.17418704379914166,1.2179678990132405,1.4335773231976678,705.4794520547945,3898.0,5.525320388349515,file 6,channel 1,1,zstack 7,25,"[5.48955779e+01 2.44982809e-02 2.97252028e-02 8.08116520e-03
 8.20175406e-03 5.44247028e-03 1.57445066e+01]"
343,242.07370225725052,342.0498809730513,4.819851681563342,4.06957562391704,0.23554904563359053,0.19888260421251408,1.1843622350293486,0.4739887777255036,1227.0326086956522,4563.0,3.7187275771346564,file 6,channel 1,1,zstack 7,26,"[4.99727241e+01 2.80450040e-02 2.46898289e-02 4.25426833e-03
 5.68620499e-03 5.56551169e-03 1.88672686e+01]"
344,340.12762748932545,347.22218933847853,4.725692864210167,4.269490037742356,0.2309474476943083,0.20865254164960928,1.1068518306483845,1.7655512128656383,2909.771739130435,11392.0,3.9150837321020995,file 6,channel 1,1,zstack 7,27,"[9.19058087e+01 1.83809831e-02 2.02754275e-02 3.82811849e-03
 3.93964224e-03 3.10999119e-03 3.60383485e+01]"
345,430.93768191301587,360.25119939937053,4.383718423845079,3.557636678002419,0.21423495146393667,0.1738638405451345,1.232199580960723,2.275668785219075,644.68,2856.0,4.430104858224236,file 6,channel 1,1,zstack 7,28,"[3.30376301e+01 2.27019867e-02 2.44289171e-02 6.24461290e-03
 7.34707566e-03 5.37283144e-03 9.58847162e+00]"
346,413.67437585591813,363.59592357323163,5.225637721251929,3.6311140932568637,0.25538005303693007,0.17745472594623748,1.4391279334780929,0.7650418544729622,1079.7625,4230.0,3.9175281601278056,file 6,channel 1,1,zstack 7,29,"[5.71433937e+01 3.21052302e-02 3.16501626e-02 6.17239037e-03
 8.20032064e-03 6.35800439e-03 2.03699094e+01]"
347,461.33058768686374,366.6976360339641,5.224642298565464,3.743433632422245,0.25533140613256666,0.18294384926461912,1.3956818289268778,2.1242100326749016,1004.75,5245.0,5.220204030853446,file 6,channel 1,1,zstack 7,30,"[7.06893255e+01 2.52279958e-02 3.12628727e-02 6.53072488e-03
 6.47423025e-03 4.17908254e-03 2.59402222e+01]"
348,297.9105876480785,369.34667165765626,4.177546037301914,3.7423383286219583,0.20415918314268194,0.1828903211102522,1.1162929886246316,2.3337331259849643,1036.1486486486488,4433.0,4.27834365829801,file 6,channel 1,1,zstack 7,31,"[5.95689427e+01 2.70898332e-02 2.73225788e-02 6.69161558e-03
 8.23294580e-03 6.57166178e-03 1.73600485e+01]"
349,396.7798854550579,377.18671013346267,4.431373755835665,3.7403623926424077,0.2165638961517312,0.18279375593253178,1.184744495493948,0.8188239364734111,705.1428571428571,2859.0,4.054497568881685,file 6,channel 1,1,zstack 7,32,"[3.61319730e+01 2.62390472e-02 2.69990716e-02 6.23293069e-03
 7.51062488e-03 5.87710962e-03 1.12166901e+01]"
350,331.95951524821515,378.0910394255114,5.882008373002124,3.2076369217105065,0.2874572808887856,0.15675914230682506,1.8337512993414107,1.3808042781878753,1479.4833333333333,5881.0,3.975036330250425,file 6,channel 1,1,zstack 7,33,"[7.21508103e+01 2.01448809e-02 3.61997795e-02 9.14965725e-03
 6.31851887e-03 2.82460318e-03 2.35922932e+01]"
351,428.0408400937479,377.70420818975083,4.500352878833016,3.5898098686001005,0.21993494730934648,0.17543616368720544,1.2536465839590538,1.7892515809564866,938.6385542168674,5352.0,5.7018753128730415,file 6,channel 1,1,zstack 7,34,"[5.07379112e+01 1.65511051e-02 2.05161056e-02 5.34133613e-03
 5.27057291e-03 3.43800820e-03 1.51828011e+01]"
352,70.29961558867589,381.3039982419125,4.303371806574598,3.7500437194250815,0.21030836403587486,0.18326688818530393,1.1475524363311547,2.277371566087118,669.1774193548387,3721.0,5.560558220251151,file 6,channel 1,1,zstack 7,35,"[3.90470856e+01 1.96916615e-02 2.06600163e-02 4.96470850e-03
 5.85086999e-03 4.49853887e-03 1.17568440e+01]"
353,377.57196858388124,384.24868772234424,4.425079240065151,3.4695567652571553,0.2162562793866466,0.1695593223239623,1.2754018854443427,2.1187396054411685,743.5806451612904,4390.0,5.903865342067589,file 6,channel 1,1,zstack 7,36,"[4.93305695e+01 1.85228749e-02 2.17118125e-02 5.89734654e-03
 6.37410554e-03 4.26527116e-03 1.40183564e+01]"
354,35.592766777813736,385.11966245560586,3.9721881435162176,3.4967717735031156,0.1941232195715259,0.17088933611749196,1.1359586500942334,2.0031184483003788,736.3174603174604,3089.0,4.195201345175477,file 6,channel 1,1,zstack 7,37,"[4.80805542e+01 2.80726205e-02 3.10675146e-02 9.27219298e-03
 1.05984857e-02 7.55415485e-03 1.24051325e+01]"
355,506.27553562759994,401.7166763552344,4.706188882964958,3.9977629571496,0.2299942764201926,0.19537307606952628,1.1772055855759054,1.4371032819696299,959.4666666666667,5026.0,5.238326848249027,file 6,channel 1,1,zstack 7,38,"[5.38593467e+01 2.03944981e-02 2.39522856e-02 5.04645995e-03
 5.00943918e-03 3.60762785e-03 1.92118992e+01]"
356,396.3599729910964,430.42528930475214,4.750978376094587,3.890288488245899,0.23218316584213317,0.19012073424393042,1.2212406330402419,1.5226875224793315,1010.8651685393259,6649.0,6.5775339846832725,file 6,channel 1,1,zstack 7,39,"[5.69288494e+01 1.49692442e-02 1.82936758e-02 4.00231890e-03
 3.84897076e-03 2.64108388e-03 1.97161272e+01]"
357,490.08708683979086,432.3913326185081,4.366959825922043,3.9211406492924694,0.21341594872117017,0.19162849787866043,1.1136962982212886,1.9277881585653236,627.8771929824561,3611.0,5.751124647237979,file 6,channel 1,1,zstack 7,40,"[3.57461636e+01 1.81364411e-02 1.99077430e-02 4.53886839e-03
 4.96977765e-03 3.74115838e-03 1.14838877e+01]"
358,358.5373434831107,440.9227744139719,4.429887969982221,3.8854459133841996,0.2164912849049716,0.18988407470284002,1.1401234423885764,2.2582825769871,1207.2105263157894,9725.0,8.055761433491739,file 6,channel 1,1,zstack 7,41,"[9.43043336e+01 1.73146365e-02 1.82479189e-02 4.05351769e-03
 4.67374101e-03 3.64035901e-03 3.04854902e+01]"
359,621.0545057925104,444.6905132405395,4.545845686924585,3.8441418345756215,0.22215820815576437,0.18786551957149633,1.182538491696009,1.4281975030596032,645.8507462686567,3774.0,5.843455352190793,file 6,channel 1,1,zstack 7,42,"[3.45156057e+01 1.64639432e-02 1.94083190e-02 4.47502160e-03
 4.52627760e-03 3.18234136e-03 1.13066455e+01]"
360,147.1252539516569,457.9406227090399,4.508745971802936,4.04066960176569,0.22034512280220261,0.19746994955410238,1.1158412877491162,2.3236689783217335,797.768115942029,5526.0,6.926824837408713,file 6,channel 1,1,zstack 7,43,"[5.55162871e+01 1.94203146e-02 1.97723441e-02 4.03573938e-03
 4.72022881e-03 3.88733730e-03 1.92701718e+01]"
361,169.6353151779507,480.7513603639549,4.455632151728552,3.726871406587778,0.21774941852434454,0.18213444334372753,1.1955422298318599,1.4134509918666913,807.5438596491229,5053.0,6.257245274820769,file 6,channel 1,1,zstack 7,44,"[5.52231352e+01 1.84508931e-02 2.19616807e-02 5.41001466e-03
 5.50461022e-03 3.78177604e-03 1.70683936e+01]"
362,386.48546689790606,489.425690108872,4.158302969436732,3.726324926184986,0.20321876286210686,0.18210773651832302,1.1159260267982065,1.627489660989009,569.6133333333333,3282.0,5.7618033285737695,file 6,channel 1,1,zstack 7,45,"[3.17495342e+01 1.65040371e-02 1.84129963e-02 4.77883582e-03
 5.27861905e-03 3.82246035e-03 9.11764488e+00]"
363,71.11077220454013,513.2178454574704,4.5739934907821995,3.908679107293915,0.2235338082309086,0.19101949483897968,1.170214633953131,1.4355269122558978,712.2911392405064,3031.0,4.255282472321444,file 6,channel 1,1,zstack 7,46,"[2.79666416e+01 1.85502441e-02 2.16513569e-02 4.83605459e-03
 4.90243859e-03 3.50701881e-03 9.42372123e+00]"
364,292.09357840867756,527.1715857418932,3.759896617553617,3.36813903551221,0.18374840523276395,0.1646029769776676,1.1163127703194209,1.6239405493942998,607.4736842105264,3463.0,5.70065846473748,file 6,channel 1,1,zstack 7,47,"[4.32745810e+01 1.95774985e-02 2.18476248e-02 7.39288831e-03
 8.47525059e-03 5.92629783e-03 1.02345446e+01]"
365,454.6274915242943,531.6128545921804,4.293214180163615,3.9043939486895534,0.2098119547342854,0.1908100765650716,1.0995852971251947,1.5535495045878267,670.4691358024692,2960.0,4.414819179494733,file 6,channel 1,1,zstack 7,48,"[3.43425823e+01 2.24520821e-02 2.46924803e-02 5.77239621e-03
 6.33645341e-03 4.74511476e-03 1.07550166e+01]"
366,186.91559235407112,561.1424289301151,4.148009076420345,3.750340984985033,0.20271569412969356,0.1832814157317042,1.1060351826747026,1.2347051243737466,596.359375,3431.0,5.753242329761312,file 6,channel 1,1,zstack 7,49,"[3.29662229e+01 1.74371547e-02 1.90532081e-02 4.88453195e-03
 5.49984049e-03 4.07416378e-03 9.55971676e+00]"
367,56.56866796083971,585.4180819256223,4.544336419250141,3.916432421797187,0.22208444933831345,0.19139840397403224,1.1603255028628374,2.183267027834628,878.0595238095239,6277.0,7.14871808777472,file 6,channel 1,1,zstack 7,50,"[5.56741751e+01 1.58163785e-02 1.71846042e-02 3.71987283e-03
 4.12839570e-03 3.13279011e-03 1.86085604e+01]"
368,245.71782650290112,629.2578086809269,3.785770450373264,3.4513714626557417,0.18501287497793545,0.16867059566693546,1.0968887270859597,0.6886716882607554,602.3181818181819,3087.0,5.125198098256735,file 6,channel 1,1,zstack 7,51,"[4.21120181e+01 2.34913195e-02 2.26416076e-02 6.83282122e-03
 9.08115595e-03 7.36068659e-03 1.02543974e+01]"
369,636.1692489341286,22.587443782821705,4.525140349236089,3.4695060402521896,0.22114632587094177,0.16955684336251312,1.3042606920802964,2.3262174545418874,1063.4285714285713,4039.0,3.798092423428265,file 7,channel 1,1,zstack 7,0,"[1.10484189e+02 5.86733238e-02 6.09715573e-02 1.52615235e-02
 1.90328774e-02 1.40889228e-02 3.21147750e+01]"
370,594.0403583742528,22.962488511981128,4.903709487994679,4.009382605050796,0.23964722698414637,0.19594093523917552,1.2230585032761057,1.8259700147341043,1567.9473684210527,10545.0,6.72535329461918,file 7,channel 1,1,zstack 7,1,"[1.13350271e+02 1.98235086e-02 2.39281787e-02 4.87280794e-03
 4.64869056e-03 3.27997969e-03 4.26381662e+01]"
371,319.24721914607164,25.289238901875112,4.297194229164,3.8486108750466315,0.21000646211865198,0.18808392426263465,1.1165572121166791,-0.24645472974004207,1307.9583333333333,7077.0,5.410722818642286,file 7,channel 1,1,zstack 7,2,"[1.00885134e+02 2.88255571e-02 2.59963515e-02 5.57104820e-03
 7.52951222e-03 6.89065198e-03 3.11954317e+01]"
372,500.8901120493136,43.963374458571174,6.015601256666234,3.622295218339207,0.29398604532585093,0.17702374223394568,1.6607153459524866,1.3505182266889069,1580.945945945946,4945.0,3.127874177280109,file 7,channel 1,1,zstack 7,3,"[8.51964753e+01 3.79580024e-02 6.27092483e-02 1.24676632e-02
 9.22699196e-03 4.80688748e-03 3.24036654e+01]"
373,553.5254686093695,46.40346739493885,5.037232206025388,3.9852067004353295,0.24617256238457824,0.1947594442648195,1.2639826700770977,0.9054683874682063,1491.3294117647058,6641.0,4.453073846469396,file 7,channel 1,1,zstack 7,4,"[8.48287417e+01 2.64395688e-02 2.93915657e-02 5.60568529e-03
 6.04594389e-03 4.49503326e-03 3.24012939e+01]"
374,590.4209205511884,49.737601596414976,4.653657959774911,3.9644380332366844,0.22742705866305749,0.19374446702881132,1.1738505989398773,2.1050720976920925,1736.3333333333333,9930.0,5.718947974659244,file 7,channel 1,1,zstack 7,5,"[1.01732944e+02 1.97525634e-02 2.20185490e-02 4.63065804e-03
 4.94352826e-03 3.69487932e-03 3.55072007e+01]"
375,356.28238493239337,53.116231262299415,4.697381755945585,3.873641979103967,0.22956386683474367,0.18930720934719725,1.2126525324966047,-0.5402112747820396,837.3283582089553,4522.0,5.400509794834316,file 7,channel 1,1,zstack 7,6,"[4.79889457e+01 2.33261494e-02 2.05057521e-02 3.86514117e-03
 5.33326364e-03 5.05594304e-03 1.64929414e+01]"
376,549.006069068002,68.47621332466305,4.137421493241272,3.2935833160556585,0.2021982725826911,0.1609593942027677,1.2562067196150908,1.535087554803924,1097.295081967213,6036.0,5.5007992828863825,file 7,channel 1,1,zstack 7,7,"[1.02102677e+02 2.64549693e-02 3.32282408e-02 1.08125962e-02
 1.08864355e-02 6.81357435e-03 2.57141030e+01]"
377,288.46684869451644,68.44207858000581,7.826502980786243,3.303384435173716,0.38248589989281473,0.1614383807788963,2.3692377119209462,0.9095796815096331,2756.3125,7524.0,2.729734019636743,file 7,channel 1,1,zstack 7,8,"[1.06233386e+02 4.23702065e-02 6.05858972e-02 9.99036994e-03
 1.12908733e-02 5.10887228e-03 4.48332327e+01]"
378,513.0495310107998,83.2297903091495,4.572505502090481,3.8539530608197055,0.2234610893301199,0.1883450000889424,1.1864455612020206,0.6956334198086169,1187.2575757575758,5243.0,4.416059418828724,file 7,channel 1,1,zstack 7,9,"[8.35798656e+01 3.54448080e-02 3.32241519e-02 6.76309957e-03
 8.81756865e-03 7.73404855e-03 2.78098544e+01]"
379,444.2113139940788,88.83093341996631,4.098714466703709,3.5193208134451868,0.20030663695516496,0.17199132123845023,1.1646322355850625,1.5348362780255311,1052.557142857143,4100.0,3.8952754516212216,file 7,channel 1,1,zstack 7,11,"[8.25240950e+01 3.74231349e-02 4.35776571e-02 1.26903380e-02
 1.36132538e-02 9.31435813e-03 2.20835224e+01]"
380,597.985999828002,90.06093647651726,5.9973056149435156,3.853625161144806,0.29309192632971565,0.18832897543495117,1.5562763279140208,1.8395454896789367,1627.9538461538461,6184.0,3.7986334898929286,file 7,channel 1,1,zstack 7,12,"[1.28113261e+02 4.49948399e-02 6.93053498e-02 1.24686062e-02
 9.72466479e-03 5.54971980e-03 5.28970948e+01]"
381,278.63304917050635,90.79729896835342,4.709460253896739,3.1884881124206945,0.23015415028183903,0.15582332849942346,1.477019856386206,0.823999499832031,1362.8194444444443,5685.0,4.171499036923046,file 7,channel 1,1,zstack 7,13,"[9.05908098e+01 3.21081460e-02 3.45768139e-02 9.50095951e-03
 1.20782249e-02 8.17095117e-03 2.51404589e+01]"
382,360.92141623747534,93.76250925328374,3.9300857755556846,3.4593411947652717,0.19206565157001404,0.16906008126034822,1.1360792573750027,1.3203804505598609,835.1228070175439,4431.0,5.305806478719381,file 7,channel 1,1,zstack 7,14,"[6.33618746e+01 2.36501693e-02 2.66412496e-02 8.24726475e-03
 9.26623011e-03 6.48045064e-03 1.60125804e+01]"
383,531.0129618728996,93.62789424557776,5.952037291124903,3.8506013392986613,0.2908796361645029,0.18818119944575426,1.5457422793627842,2.2996609933628656,1236.015625,4154.0,3.36079893812022,file 7,channel 1,1,zstack 7,15,"[6.29047728e+01 3.69100571e-02 4.14860519e-02 7.01110626e-03
 8.10579803e-03 5.49505117e-03 2.76439434e+01]"
384,420.73297781444404,100.06706363819418,4.080267412653948,3.4028807687807237,0.1994051183476955,0.16630082634227727,1.1990627030155798,1.9653033092890584,630.6486486486486,3758.0,5.958944030170566,file 7,channel 1,1,zstack 7,16,"[4.54313774e+01 1.92882763e-02 2.24231884e-02 6.87273541e-03
 7.49939542e-03 5.06629949e-03 1.17088452e+01]"
385,632.2441771406188,102.25717772780907,6.189453773676557,3.6399438934405324,0.30248232221740384,0.17788624358283908,1.7004255985457477,0.960166754452481,2644.816091954023,8300.0,3.1382144207493297,file 7,channel 1,1,zstack 7,17,"[1.88885830e+02 5.85454242e-02 7.94007948e-02 1.41824318e-02
 1.44603877e-02 8.18944891e-03 7.46648441e+01]"
386,563.7798326505929,103.65455111627648,5.216421165950287,3.8510932471710277,0.25492963444549593,0.18820523927883018,1.3545299558202635,2.3290525264762376,1007.296875,4269.0,4.238075294336637,file 7,channel 1,1,zstack 7,18,"[5.45238244e+01 2.84260938e-02 2.95331826e-02 5.47573730e-03
 6.60827594e-03 5.05943537e-03 2.07233752e+01]"
387,613.8706254938069,103.78293538158525,3.851988883277237,3.6243086827057356,0.18824900955310223,0.17712214144647068,1.0628203115418762,1.1532898950020591,852.9454545454546,4329.0,5.075353854024557,file 7,channel 1,1,zstack 7,19,"[7.09915540e+01 2.94787223e-02 3.09716814e-02 8.93893093e-03
 1.07107075e-02 8.08636477e-03 1.84332936e+01]"
388,142.9365912358124,114.68798529113444,4.359448013625247,3.8672181826333327,0.21304884194395185,0.1889932745566745,1.1272826635958608,0.7611454574286601,1549.9830508474577,6572.0,4.240046364640401,file 7,channel 1,1,zstack 7,20,"[1.16546991e+02 3.72991974e-02 3.68629133e-02 8.13388320e-03
 1.00530666e-02 8.32956477e-03 3.69018616e+01]"
389,474.308075569223,120.3852352883869,5.466775502767174,3.3208187608465973,0.2671646012045396,0.16229040674252104,1.6462131469570156,-0.13419951776085884,1092.9833333333333,4351.0,3.980847527409689,file 7,channel 1,1,zstack 7,21,"[7.83012470e+01 5.19274282e-02 3.17342622e-02 4.87638700e-03
 9.82489565e-03 1.32234044e-02 2.52473893e+01]"
390,638.8079433941186,132.35455669153345,4.818915277201906,3.28013008374687,0.23550328299020734,0.16030192666219098,1.469123221996517,1.7798195004468225,1122.396551724138,6137.0,5.467764481789275,file 7,channel 1,1,zstack 7,22,"[7.16670032e+01 1.79858730e-02 2.59484560e-02 7.46825434e-03
 6.44508754e-03 3.54052975e-03 2.05992716e+01]"
391,274.8066146920179,133.2724571559914,5.507201974627454,3.9787163696343844,0.26914026715738354,0.19444225790162564,1.3841655104290649,0.9853205615311936,1309.075,4353.0,3.325248744342379,file 7,channel 1,1,zstack 7,23,"[1.00955045e+02 5.92235245e-02 7.19543658e-02 1.31089528e-02
 1.28596449e-02 8.69823858e-03 4.26385845e+01]"
392,397.0744194486998,133.16431247575275,4.108038690026978,3.6778927589153203,0.20076231734746247,0.17974082742400915,1.1169544517221095,0.6547566798268096,1234.1222222222223,5016.0,4.064427258240225,file 7,channel 1,1,zstack 7,24,"[7.21202448e+01 3.04761521e-02 2.89121993e-02 7.16041301e-03
 9.42710310e-03 7.97213148e-03 2.02921409e+01]"
393,247.38666165508863,137.15892049575447,5.892811712600427,3.6748724861738413,0.2879852465815412,0.17959322488168825,1.6035418194158437,1.1108045389526287,1121.0568181818182,4350.0,3.880267199172858,file 7,channel 1,1,zstack 7,25,"[9.79214013e+01 5.10665848e-02 7.42231032e-02 1.41951636e-02
 1.26149128e-02 7.06288233e-03 3.73446636e+01]"
394,592.3871636173496,136.59479791857623,4.177067263476274,3.766812117595392,0.20413578517835554,0.18408636987203908,1.1089130896559756,1.7703111625698549,1253.1803278688524,4911.0,3.918829469938779,file 7,channel 1,1,zstack 7,26,"[8.25887573e+01 3.26318941e-02 3.60370964e-02 9.11080525e-03
 1.01578613e-02 7.43926586e-03 2.40063805e+01]"
395,321.76169153987104,142.5515075182583,4.914643752140381,3.308517430206608,0.2401815910381436,0.16168923332812815,1.485451975337931,1.4107226140335283,1435.5,7562.0,5.267850923023337,file 7,channel 1,1,zstack 7,27,"[8.21462808e+01 1.70404351e-02 2.50643297e-02 7.00461428e-03
 5.88030572e-03 3.19576534e-03 2.41776497e+01]"
396,633.3019488734213,144.13269829587432,4.276240291481144,3.8865066066772824,0.20898243060283953,0.1899359114209389,1.1002786626257812,0.7098297276356725,904.390625,4297.0,4.7512655275479,file 7,channel 1,1,zstack 7,28,"[5.61236400e+01 2.67846350e-02 2.59272875e-02 5.74721632e-03
 7.24835922e-03 6.14836618e-03 1.74875162e+01]"
397,602.3265091189412,150.38582189634556,4.620363551803593,3.4375265096721503,0.2257999409547309,0.16799398450178255,1.3440953949891878,2.2809244673961375,1510.27868852459,7020.0,4.648148751180436,file 7,channel 1,1,zstack 7,29,"[1.29291144e+02 3.53446416e-02 3.89856150e-02 9.90839829e-03
 1.17040812e-02 8.11679113e-03 3.78830910e+01]"
398,300.84123997190784,152.8356067341297,6.101264584806976,3.4750989963761323,0.29817246360642424,0.16983017448643642,1.755709575804728,1.7930993094509198,1574.3908045977012,4788.0,3.0411762988055955,file 7,channel 1,1,zstack 7,30,"[8.34611918e+01 3.92177253e-02 6.72446842e-02 1.44380421e-02
 1.01870720e-02 4.89373769e-03 3.10385327e+01]"
399,370.99519823609114,158.68621298205125,3.8072315401929213,3.351558299715935,0.18606169132317982,0.16379266646382862,1.1359586197607265,2.096106405936778,1322.2,6588.0,4.982604749659658,file 7,channel 1,1,zstack 7,31,"[2.03849188e+02 5.23540246e-02 5.71573684e-02 1.89728552e-02
 2.23437140e-02 1.58914156e-02 4.85401406e+01]"
400,560.296476269049,161.7144465665049,5.260210295552408,3.447266275297446,0.2570696355012047,0.16846997269588174,1.5259077412285282,1.335343785984093,1447.8333333333333,6101.0,4.213882813399333,file 7,channel 1,1,zstack 7,32,"[1.54080897e+02 4.77421578e-02 7.12980524e-02 1.74196967e-02
 1.43220218e-02 7.77751371e-03 5.00072695e+01]"
401,468.78035812048125,170.22124095301058,4.69193223215928,3.767362951640523,0.22929754533528096,0.18411328946255873,1.2454155047939162,-0.3339205404556875,1720.7702702702702,9535.0,5.5411231613749345,file 7,channel 1,1,zstack 7,33,"[1.34205949e+02 3.10843406e-02 2.56216712e-02 4.81380494e-03
 7.10421463e-03 7.18351611e-03 4.43995930e+01]"
402,252.9176100592622,172.08622034990657,3.773043166033044,3.220173941211425,0.1843908849504594,0.15737183397736487,1.171689242542479,1.9642198762258267,547.7894736842105,3509.0,6.4057455803228285,file 7,channel 1,1,zstack 7,34,"[4.06231933e+01 1.74161271e-02 1.98672484e-02 7.20028715e-03
 8.17092379e-03 5.52475053e-03 9.25157429e+00]"
403,433.2153354068511,172.34590724772082,4.03279913083823,3.570053472800385,0.19708531491425618,0.1744706567622552,1.1296186910261774,0.026867709069960787,1559.8035714285713,7116.0,4.5621129034104575,file 7,channel 1,1,zstack 7,35,"[1.24229191e+02 3.54291099e-02 3.13651706e-02 7.95208990e-03
 1.12694660e-02 1.01828615e-02 3.31920095e+01]"
404,486.2956504692031,174.23114245178627,4.1259196169179555,3.410482741839374,0.20163616898076575,0.1666723393300621,1.2097758379779178,1.2320838684126592,1820.0326086956522,5691.0,3.1268670532658875,file 7,channel 1,1,zstack 7,36,"[9.90733675e+01 3.48317037e-02 4.11514148e-02 1.24877063e-02
 1.33595760e-02 8.90545305e-03 2.58374625e+01]"
405,365.3867895481231,183.2479507989683,4.189596447376208,3.0896567524922127,0.20474809391837054,0.15099338059897832,1.3560070852520267,1.9813528922667987,1342.327868852459,4263.0,3.1758261889059867,file 7,channel 1,1,zstack 7,37,"[1.22392195e+02 5.38974663e-02 6.89651134e-02 2.44395673e-02
 2.49078393e-02 1.48586928e-02 2.93983313e+01]"
406,449.99936463573675,193.7629654863759,5.174998089745248,4.094546269330761,0.25290526383993833,0.2001029346468624,1.263875836135339,1.9080172221088567,1457.3695652173913,6029.0,4.136905383433524,file 7,channel 1,1,zstack 7,38,"[5.91596280e+01 2.13498305e-02 2.62628333e-02 4.96223927e-03
 4.56691975e-03 3.20328868e-03 2.42525124e+01]"
407,381.5350618920203,197.8505795263968,7.074192648009929,3.9343523510694407,0.3457200422247066,0.1922741616771265,1.7980577276173582,1.6599303330427853,2727.5555555555557,9742.0,3.571696268535115,file 7,channel 1,1,zstack 7,39,"[1.24232523e+02 2.46411480e-02 4.56808719e-02 7.15289607e-03
 4.33729244e-03 2.20623429e-03 6.04394838e+01]"
408,521.2299297388398,200.71351707296392,7.234363212062776,3.2836962488584405,0.353547673860252,0.16047620729240525,2.20311583770203,1.5627526031581678,1974.7093023255813,8132.0,4.118074488443987,file 7,channel 1,1,zstack 7,42,"[1.44861696e+02 2.77344331e-02 6.77912784e-02 1.24749752e-02
 7.03681961e-03 2.90876702e-03 5.32859209e+01]"
409,568.7828426770194,202.57871772357294,4.685746873992009,3.4551861454653316,0.22899526316780772,0.168857021506268,1.3561488952315044,1.2800144515960465,1351.484375,8741.0,6.467703335452916,file 7,channel 1,1,zstack 7,43,"[1.03808926e+02 1.93195386e-02 2.54791681e-02 6.82364378e-03
 6.40314334e-03 3.87457982e-03 3.08472640e+01]"
410,505.84829719554193,211.39212262683796,4.647424490026833,3.4107283353198308,0.22712242525374285,0.16668434163091228,1.362590049140057,1.655940479277438,813.7352941176471,4166.0,5.119600968663028,file 7,channel 1,1,zstack 7,44,"[4.47692919e+01 1.80189905e-02 2.45118557e-02 6.82061459e-03
 6.16199296e-03 3.63961156e-03 1.29971535e+01]"
411,283.61355690802907,225.20222329306205,3.2651761997199262,3.014282209211859,0.15957112137112037,0.1473097814121676,1.0832350699417983,0.7443180469051398,1572.6746987951808,4803.0,3.0540327276070234,file 7,channel 1,1,zstack 7,45,"[1.65678170e+02 6.31173853e-02 6.20624923e-02 2.78929467e-02
 3.76325669e-02 2.88519605e-02 3.16379328e+01]"
412,386.0976985671078,229.439926012607,4.455966338053403,3.570893231543295,0.21776575041069357,0.17451169627623267,1.247857622482762,1.0624467013130416,1234.8253968253969,8311.0,6.730506208705041,file 7,channel 1,1,zstack 7,46,"[8.94351710e+01 1.80718503e-02 2.11379733e-02 5.47145814e-03
 5.83656701e-03 3.96684045e-03 2.63639884e+01]"
413,489.53962765302384,237.27132505269884,3.6563301965781325,3.5506799420352806,0.17868705205590657,0.17352386068142783,1.029754936031292,1.144474658164008,1077.3076923076924,4594.0,4.264334166369154,file 7,channel 1,1,zstack 7,47,"[8.40526034e+01 3.29481558e-02 3.37325074e-02 1.05619627e-02
 1.31648222e-02 1.00780472e-02 2.03274283e+01]"
414,394.91596773516505,240.44437042051104,5.087044127678682,3.7564674167083245,0.24860690090405793,0.18358081812847932,1.3542095706865735,1.338606126727509,1105.3218390804598,4906.0,4.438526252300781,file 7,channel 1,1,zstack 7,48,"[6.67814005e+01 2.57512731e-02 3.43562224e-02 7.52758410e-03
 6.66854803e-03 4.16087351e-03 2.36148336e+01]"
415,469.46623110595596,244.5487833839495,4.579479843280676,4.161502422839892,0.22380192957164793,0.20337512207094854,1.1004390669453337,-0.6022388976854236,1413.3333333333333,6445.0,4.560141509433962,file 7,channel 1,1,zstack 7,49,"[8.49870673e+01 2.99198115e-02 2.83095742e-02 5.22332488e-03
 6.51223766e-03 5.85866244e-03 3.06903886e+01]"
416,333.88199540981464,247.214309750771,5.087648535009567,3.434632359391338,0.24863643865321908,0.1678525456398414,1.481278926723664,2.3206390915510067,990.8157894736842,4323.0,4.363071365966376,file 7,channel 1,1,zstack 7,50,"[5.06860647e+01 2.54290805e-02 2.72322984e-02 6.17225416e-03
 7.71347314e-03 5.35490027e-03 1.65124023e+01]"
417,412.3340485702657,247.87485325411734,6.682633795685999,3.2367194806036674,0.32658432601022547,0.158180424421806,2.064631746968584,-0.7150986730993011,2024.5135135135135,8113.0,4.0073824876179795,file 7,channel 1,1,zstack 7,51,"[1.61187265e+02 6.10705345e-02 4.95525959e-02 7.86622074e-03
 1.49090421e-02 1.19974434e-02 6.16220614e+01]"
418,346.5306713115703,250.88844564006237,4.85796561908401,3.7372714192478957,0.23741169664475603,0.18264269820684675,1.29986963057172,0.697803672982676,1237.625,5405.0,4.367235632764367,file 7,channel 1,1,zstack 7,52,"[7.07767628e+01 2.97778982e-02 2.70221019e-02 5.23420910e-03
 7.23888270e-03 6.40737982e-03 2.41268281e+01]"
419,427.20985654790485,251.03595032900932,5.835131063295674,3.8682979089385334,0.28516635861716016,0.18904604142950346,1.5084492458071417,-0.7582941837320126,2484.246575342466,9987.0,4.020132340777502,file 7,channel 1,1,zstack 7,53,"[2.06452375e+02 5.52138888e-02 5.25341461e-02 8.27056768e-03
 1.13068666e-02 9.18599759e-03 9.02148711e+01]"
420,439.01759724564187,254.8811564392413,4.9142375800872715,3.2311507224953906,0.2401617411660326,0.15790827586943737,1.5208939483615445,1.8286444310854884,823.3389830508474,4131.0,5.017374477633448,file 7,channel 1,1,zstack 7,54,"[5.03221174e+01 1.96416387e-02 2.89456735e-02 8.39573789e-03
 7.14726504e-03 3.80782841e-03 1.45140177e+01]"
421,318.0479632119939,263.89902224136137,4.892360783225862,3.501133245758393,0.23909260896805726,0.17110248388534086,1.3973649215301744,1.8370410961629686,1588.8947368421052,10765.0,6.775149889032429,file 7,channel 1,1,zstack 7,55,"[1.24953611e+02 1.88909402e-02 2.57262636e-02 6.53398467e-03
 5.85347763e-03 3.46164978e-03 3.93888161e+01]"
422,438.8646042772867,269.4632637711584,5.226042763578732,4.91450419812305,0.25539984769863816,0.24017477094952502,1.0633916572041315,0.9909573170665344,2079.608695652174,6917.0,3.3261064999686396,file 7,channel 1,1,zstack 7,56,"[9.76050773e+01 3.91493270e-02 4.07631650e-02 5.74267042e-03
 5.70476952e-03 5.28937775e-03 5.23860535e+01]"
423,259.31847421122603,272.8855352665601,5.195492196032694,3.5153230311430446,0.2539068231193632,0.1717959472169793,1.4779558379143678,1.1617574058108737,813.1176470588235,4614.0,5.674455617449179,file 7,channel 1,1,zstack 7,57,"[4.55875346e+01 1.70366372e-02 2.33749647e-02 5.54275150e-03
 5.00713549e-03 2.88654688e-03 1.52978868e+01]"
424,323.24146128088404,286.3835824902682,4.393110085413324,3.9834638526787014,0.2146939276037577,0.19467427024850512,1.1028366888428405,1.2496560739021538,1079.0277777777778,6820.0,6.320504569442656,file 7,channel 1,1,zstack 7,58,"[6.49016599e+01 1.76414699e-02 1.92523179e-02 4.25936903e-03
 4.66063768e-03 3.55269209e-03 2.13648789e+01]"
425,398.8432010362888,296.8200393875464,5.051337598214565,3.501857141194606,0.24686190137008215,0.1711378610899529,1.4424739201358103,1.5186383286309082,1386.0819672131147,5693.0,4.107260706555807,file 7,channel 1,1,zstack 7,59,"[1.23443414e+02 4.15862852e-02 6.00269662e-02 1.49830989e-02
 1.24245616e-02 7.04989850e-03 3.99069145e+01]"
426,421.34792711822786,298.46080776736693,4.149823289157212,3.980092527830045,0.2028043557954415,0.19450951157892626,1.0426449285136858,0.6782773391683576,1428.5409836065573,5667.0,3.9669845422935244,file 7,channel 1,1,zstack 7,60,"[8.21989366e+01 2.93648414e-02 2.88439600e-02 6.45591639e-03
 8.02092640e-03 6.70365990e-03 2.52197433e+01]"
427,237.0560227220518,302.048086931867,4.512728850035053,3.9490377479110066,0.22053976845282264,0.19299184583824147,1.142741381092706,1.3022712174782,1090.070588235294,6583.0,6.039058452771543,file 7,channel 1,1,zstack 7,61,"[5.60638449e+01 1.61762289e-02 1.83013021e-02 4.04423671e-03
 4.23739588e-03 3.12840674e-03 1.88939613e+01]"
428,451.2649256303045,330.41486301105016,5.61166906240885,3.3939274617012942,0.274245636461828,0.1658632728495233,1.6534440189820248,1.274318563757602,1171.0684931506848,5752.0,4.9117536964252295,file 7,channel 1,1,zstack 7,63,"[8.82795286e+01 2.48121340e-02 3.91814608e-02 9.27841223e-03
 7.32946052e-03 3.71018544e-03 2.97927074e+01]"
429,506.97215569648773,332.8826141645118,4.838179625978886,3.6349121705785037,0.23644474328171955,0.17764034026540357,1.331030682155074,1.6466639732605366,1929.4606741573034,5697.0,2.952638566986175,file 7,channel 1,1,zstack 7,64,"[1.30401743e+02 5.35551796e-02 7.12228983e-02 1.72705876e-02
 1.54908690e-02 9.58647378e-03 4.24945883e+01]"
430,297.78762452179456,350.75898463339064,4.578634093785946,3.633050728780548,0.22376059728603206,0.17754937048708277,1.260272546572117,1.4008081742205658,2101.95,11427.0,5.436380503817884,file 7,channel 1,1,zstack 7,65,"[1.76061033e+02 2.70663665e-02 3.38812329e-02 8.54406739e-03
 8.27479746e-03 5.38430087e-03 5.43243392e+01]"
431,326.0311574344413,355.3407221242802,7.080999885430836,3.6242377564979305,0.34605271600469634,0.17711867524010944,1.9537901101370194,0.8624095009673012,2327.5205479452056,8463.0,3.6360581252317417,file 7,channel 1,1,zstack 7,66,"[2.07295512e+02 6.88761113e-02 8.53665180e-02 1.31745480e-02
 1.57399316e-02 8.67596593e-03 9.18561033e+01]"
432,272.7509196729936,373.14904856657034,4.7483484051549505,3.5145206393669666,0.23205463758321493,0.17175673384910695,1.3510657333940768,1.5457068855888885,981.3068181818181,4368.0,4.4512072259857565,file 7,channel 1,1,zstack 7,67,"[8.55578777e+01 3.57621811e-02 4.83437598e-02 1.25858462e-02
 1.12692577e-02 6.77928770e-03 2.62846740e+01]"
433,399.34352247641596,422.9593841526797,4.9969996474708935,3.7296267586492324,0.24420637309141832,0.18226909905335087,1.3398122575891933,1.5621092206433809,1434.1797752808989,6667.0,4.648650130834678,file 7,channel 1,1,zstack 7,68,"[7.30889759e+01 2.01727935e-02 2.70661608e-02 6.13955835e-03
 5.36700729e-03 3.33795118e-03 2.53430538e+01]"
434,427.5866619863395,432.7759416055783,4.7475828519346255,3.7083985887002986,0.23201722453768095,0.1812316656420395,1.2802245331450564,1.726362237972418,1008.7435897435897,5645.0,5.596070257492184,file 7,channel 1,1,zstack 7,69,"[4.98064662e+01 1.52657534e-02 1.94324733e-02 4.60393417e-03
 4.32295420e-03 2.79795708e-03 1.62988217e+01]"
435,410.9470856237415,489.82268435723984,4.868174930782934,4.298995808381944,0.23791063183740027,0.21009450637674468,1.1323981570978126,-0.4535677052521607,1389.0833333333333,4960.0,3.570700101985722,file 7,channel 1,1,zstack 7,70,"[8.25676719e+01 4.34565154e-02 3.94477747e-02 6.41666102e-03
 8.05989691e-03 7.88579284e-03 3.39452165e+01]"
436,273.0747072658529,545.9176713665148,6.4371650081505685,3.173327597467892,0.31458811897796857,0.15508242503093994,2.0285220515168385,1.2216487594976457,1088.8714285714286,4704.0,4.320069272247806,file 7,channel 1,1,zstack 7,71,"[8.38564748e+01 3.04977209e-02 5.66079444e-02 1.28857877e-02
 9.55872786e-03 4.03685702e-03 2.84324913e+01]"
437,199.7309710691934,599.1422663754093,4.8612108189176055,3.668305945120692,0.23757029150912037,0.1792723140777107,1.3251923071966303,1.1453005065182345,1789.943661971831,12595.0,7.036534315345514,file 7,channel 1,1,zstack 7,72,"[1.24074407e+02 1.68985432e-02 2.11585529e-02 4.93034390e-03
 4.79296725e-03 3.09560318e-03 4.12473670e+01]"
438,495.50998072520593,31.6847969487588,3.9834753444966666,3.6278264998395944,0.19467483186054904,0.17729405928198488,1.098033586962551,1.6720977378991477,1928.111111111111,10686.0,5.542211721316199,file 8,channel 1,1,zstack 7,0,"[1.29671996e+02 1.97598715e-02 2.16760087e-02 6.10403162e-03
 6.95814082e-03 5.05987427e-03 3.47532582e+01]"
439,527.8326830689715,34.19174453079935,4.335717340082342,3.9563149707971195,0.21188910967943939,0.19334748809010652,1.0958979181601358,1.6051574367455017,2563.858695652174,9755.0,3.8048118706942233,file 8,channel 1,1,zstack 7,1,"[1.56187688e+02 3.38375434e-02 3.70839870e-02 8.43159759e-03
 9.20921816e-03 6.97515359e-03 5.04111541e+01]"
440,420.0118279322507,37.004412127128965,3.9818582798598405,3.811498969395502,0.19459580494082263,0.1862702431505777,1.0446961449635017,-0.19369867453875553,1908.060606060606,11194.0,5.86668995966077,file 8,channel 1,1,zstack 7,2,"[2.41495155e+02 4.13219324e-02 3.96219047e-02 9.79162630e-03
 1.26399311e-02 1.06682430e-02 6.83236257e+01]"
441,549.3366501576502,42.06937226317033,4.244359859801814,3.6736055982272235,0.207424414764888,0.17953131130706684,1.1553662325237146,2.0723677532228497,1361.6483516483515,5785.0,4.24852715680736,file 8,channel 1,1,zstack 7,3,"[1.10213125e+02 3.78702719e-02 4.20095643e-02 1.08328677e-02
 1.20939230e-02 8.76533833e-03 3.19862928e+01]"
442,486.83011751705686,46.7272618041886,5.103691806356446,3.7164557958334683,0.2494204829567094,0.18162542619237965,1.3732685350591853,0.31721121794626167,1890.9120879120878,8231.0,4.352925793122687,file 8,channel 1,1,zstack 7,5,"[7.61434931e+01 2.41530652e-02 1.81992944e-02 2.97950401e-03
 4.81025312e-03 5.36134895e-03 2.69029260e+01]"
443,512.8357944627518,48.723891039275166,4.3357119925565515,3.833347599736749,0.21188884834264324,0.1873379988338008,1.1310510930066195,0.859825065886943,1481.5357142857142,7938.0,5.357953860617602,file 8,channel 1,1,zstack 7,6,"[1.08797032e+02 2.57101635e-02 2.67971432e-02 6.18690882e-03
 7.26234865e-03 5.67916472e-03 3.38879620e+01]"
444,555.9665809192098,53.219202693665856,4.367173369272498,3.993289044971869,0.2134263847129235,0.19515443329515544,1.0936281646757837,1.074771188882661,1986.6933333333334,11581.0,5.829284170682272,file 8,channel 1,1,zstack 7,7,"[1.49809618e+02 2.47398908e-02 2.64048773e-02 5.81098037e-03
 6.51028677e-03 5.07513981e-03 4.93318870e+01]"
445,576.2017085041416,53.36193100251598,4.204835938014999,3.661416900561058,0.20549285697604722,0.1789356423337323,1.1484176897120537,-0.6387798863656152,1002.6588235294117,6159.0,6.142667730504776,file 8,channel 1,1,zstack 7,8,"[6.67039427e+01 2.04942772e-02 1.91033068e-02 4.57781240e-03
 6.14042138e-03 5.28281587e-03 1.91020363e+01]"
446,443.43345093841225,60.24155196120819,4.24042327910737,3.1669702298612123,0.2072320317027322,0.15477173665888413,1.33895268074345,1.4978220673733134,3500.4565217391305,9339.0,2.6679377224088783,file 8,channel 1,1,zstack 7,9,"[2.77854245e+02 5.93723428e-02 7.93722195e-02 2.71630415e-02
 2.57847300e-02 1.51026586e-02 6.89466626e+01]"
447,489.99186108816735,64.70556258779183,4.412950419396572,3.4331273442936623,0.2156635366381357,0.16777899464837048,1.2854024849184558,2.1228333075593313,1717.92,6027.0,3.5083123777591503,file 8,channel 1,1,zstack 7,10,"[1.91504362e+02 6.90044388e-02 8.12008877e-02 2.24571339e-02
 2.43297980e-02 1.61024930e-02 5.33394282e+01]"
448,461.70569317123756,72.06396328916293,4.6178746750467905,3.617852949419398,0.22567830805324413,0.17680664588458886,1.2764130382324905,0.8206774026605554,3816.2558139534885,14683.0,3.847488406388826,file 8,channel 1,1,zstack 7,11,"[2.39306625e+02 3.50877160e-02 3.66412129e-02 8.49432495e-03
 1.03094649e-02 7.77135037e-03 7.47769546e+01]"
449,495.19767711205884,78.73082382861314,3.8632099209539845,3.5100218568548995,0.18879738840174745,0.17153687564656434,1.1006227535048894,0.8083695606005347,1619.246153846154,9154.0,5.65324795013824,file 8,channel 1,1,zstack 7,12,"[1.84791079e+02 3.55264673e-02 3.58142564e-02 1.05339428e-02
 1.33115283e-02 1.03622341e-02 4.66281943e+01]"
450,332.4656352239338,88.34795289665492,5.822462165434232,3.8309589343455452,0.28454722197195864,0.18722126332192018,1.5198445781379544,-0.2577584714595651,2773.5555555555557,10596.0,3.820366957775819,file 8,channel 1,1,zstack 7,13,"[1.80540587e+02 5.25990277e-02 3.53659285e-02 4.49686199e-03
 7.84736413e-03 1.00352528e-02 7.39071681e+01]"
451,581.2103907016942,87.95273073332353,5.715853401635591,3.112286571159144,0.27933718767463733,0.15209931342472205,1.8365446982302696,0.8807369571926019,1114.8636363636363,5024.0,4.506380723284544,file 8,channel 1,1,zstack 7,14,"[7.82821905e+01 3.16898950e-02 3.94630298e-02 9.73357732e-03
 1.13843058e-02 6.19962043e-03 2.52290227e+01]"
452,290.8377758049107,92.94135915604726,4.138641957715111,3.687844243692649,0.202257917414324,0.1802271624601895,1.1222388160219794,-0.2207568841653241,1424.1315789473683,6980.0,4.90123251473659,file 8,channel 1,1,zstack 7,15,"[9.81073188e+01 2.87669084e-02 2.57847595e-02 6.10350807e-03
 8.44731480e-03 7.63264138e-03 2.78624724e+01]"
453,316.38046217526306,93.19785776378916,4.230367555312517,3.762895879663577,0.20674060244317782,0.18389498097290724,1.124231892297465,-0.5094588832314335,1772.027027027027,10473.0,5.91018073667353,file 8,channel 1,1,zstack 7,16,"[1.70549307e+02 3.18684464e-02 2.93253452e-02 6.67203038e-03
 8.95610099e-03 7.91629445e-03 5.05618455e+01]"
454,262.33485251512803,122.18412342405153,5.303945956840446,3.4723282599066376,0.25920702352830055,0.16969476693155497,1.5274897877837896,2.2925702910593815,2007.1625,6729.0,3.352493881287639,file 8,channel 1,1,zstack 7,17,"[1.31271419e+02 4.92553177e-02 5.56494451e-02 1.21744395e-02
 1.44261623e-02 9.45064239e-03 4.49982814e+01]"
455,178.03804349776502,124.35329904839273,4.528941072062415,3.361222351584852,0.22133206947751027,0.1642649544811932,1.3474089477975093,2.1113771346197954,879.531914893617,4477.0,5.090207557211283,file 8,channel 1,1,zstack 7,19,"[6.45034335e+01 2.46761651e-02 3.00432629e-02 8.44094866e-03
 8.90000977e-03 5.64786491e-03 1.81196206e+01]"
456,276.79383799673553,131.24195016109152,6.66473119864664,4.002540906410899,0.32570941534375947,0.19560657731872233,1.6651250679216523,2.3298322137732574,2782.068181818182,6983.0,2.5100031859881873,file 8,channel 1,1,zstack 7,20,"[1.87458497e+02 9.17928069e-02 9.73107626e-02 1.35912837e-02
 1.72923623e-02 1.20522421e-02 9.65529291e+01]"
457,266.3608550843557,138.77948512349644,7.297339818037903,3.7168995423156947,0.3566253784069347,0.18164711234940217,1.9632868026052515,-0.6426241577705987,2903.2926829268295,7281.0,2.507842231276515,file 8,channel 1,1,zstack 7,21,"[1.30400255e+02 7.75916786e-02 5.62135423e-02 6.32061308e-03
 1.24012317e-02 1.18575909e-02 6.27627973e+01]"
458,237.93270636151942,149.6050036666848,4.075346730635322,3.527689444469428,0.19916464166294864,0.1724003012613335,1.1552453226925883,2.1717605117110215,2768.6511627906975,11292.0,4.078520310452576,file 8,channel 1,1,zstack 7,22,"[2.92668295e+02 4.97797023e-02 5.40959291e-02 1.53294800e-02
 1.78300681e-02 1.29391594e-02 7.80864809e+01]"
459,511.6863492667301,151.49175437962245,4.932606712618354,3.848040380041176,0.24105945170209833,0.18805604382917904,1.2818489998708311,2.1343311776748433,2342.228260869565,9964.0,4.254068728681811,file 8,channel 1,1,zstack 7,23,"[9.26683888e+01 1.90879145e-02 2.23466435e-02 4.67131172e-03
 4.82166924e-03 3.36690137e-03 3.30714232e+01]"
460,203.21565217701504,165.09374445023312,4.880506939443832,3.7110972551036183,0.23851330450509478,0.18136355108951435,1.3151115705016903,2.1987097595883616,1649.105882352941,7782.0,4.718920769900267,file 8,channel 1,1,zstack 7,24,"[8.53591681e+01 2.23935294e-02 2.58426140e-02 5.71388447e-03
 6.12872881e-03 4.24167028e-03 2.90831561e+01]"
461,144.57417626119997,171.31253693021657,4.502282145256829,3.452240713011984,0.2200292317178565,0.168713076453764,1.3041622874926102,1.631229565840895,1800.72131147541,10195.0,5.66162011580059,file 8,channel 1,1,zstack 7,26,"[1.29409628e+02 2.06431821e-02 2.69054382e-02 7.51862794e-03
 7.10773268e-03 4.37922423e-03 3.70087211e+01]"
462,537.7353942241178,171.9854734935348,5.428478847213616,3.6756066788622452,0.2652930206533985,0.1796291053191976,1.4768932917746134,0.10061589930750363,1770.047619047619,8111.0,4.582362594495709,file 8,channel 1,1,zstack 7,27,"[2.22151893e+02 8.02673365e-02 5.34697371e-02 7.90465342e-03
 1.37164341e-02 1.69055240e-02 7.76604230e+01]"
463,217.71146867718923,182.858818611272,4.217889120226437,3.687098462511919,0.2061307738281667,0.18019071568610218,1.1439589051150278,2.3288974462737637,1021.7118644067797,6744.0,6.600686783563644,file 8,channel 1,1,zstack 7,28,"[9.16073177e+01 2.41046687e-02 2.45170684e-02 6.07798637e-03
 7.45990464e-03 5.87249017e-03 2.65494319e+01]"
464,493.01351093202067,186.7816902259629,7.6184889722001365,3.0080112761517075,0.37232013039656703,0.14700331714829803,2.5327328499734993,1.686648157404476,2977.0,9020.0,3.0298958683238157,file 8,channel 1,1,zstack 7,29,"[1.23609266e+02 2.21281907e-02 5.79593216e-02 1.24261141e-02
 6.38893981e-03 2.22762972e-03 4.26645849e+01]"
465,518.8921281509924,189.40587277892612,5.266068832930571,3.544582058531023,0.2573559457404832,0.17322585345325792,1.4856670676466106,0.9516320017854577,1534.3186813186812,6640.0,4.327653753321444,file 8,channel 1,1,zstack 7,30,"[7.89602738e+01 2.40611833e-02 2.96968358e-02 6.60164804e-03
 6.89714110e-03 4.27149413e-03 2.73179940e+01]"
466,193.56217723357634,189.7873566182236,4.503537236126488,3.7530663379826223,0.22009056876224364,0.1834146053690643,1.1999620658310197,2.295823872755517,1592.5652173913043,7295.0,4.580660132681755,file 8,channel 1,1,zstack 7,31,"[1.34327557e+02 3.72606115e-02 3.92707353e-02 8.95094887e-03
 1.05142103e-02 8.03714390e-03 4.24784315e+01]"
467,532.6804286867509,189.8268277983507,5.826859761859362,3.708917093211292,0.2847621351496781,0.18125700526881441,1.5710407149635937,-0.7652804442310369,1690.8266666666666,8273.0,4.892872914235246,file 8,channel 1,1,zstack 7,32,"[1.29984937e+02 3.54480383e-02 3.49218252e-02 5.91687180e-03
 8.07396729e-03 6.10265902e-03 5.33590233e+01]"
468,181.377664668111,193.830099971892,4.881607605914517,3.6765478540396748,0.23856709473638393,0.17967510111522295,1.3277693640110682,1.369516478442869,1766.2692307692307,10714.0,6.065892907693313,file 8,channel 1,1,zstack 7,33,"[1.45161950e+02 2.31023653e-02 3.03207934e-02 7.12896473e-03
 6.48375888e-03 4.06492163e-03 4.83447303e+01]"
469,497.86047524021205,216.32703390978378,5.261072244554287,3.778806403650354,0.2571117594664616,0.18467253783320467,1.3922576820744383,1.2591801186308118,1644.7,7912.0,4.810603757524168,file 8,channel 1,1,zstack 7,34,"[1.00025317e+02 2.35424188e-02 3.17037567e-02 6.69732532e-03
 5.85773337e-03 3.61157406e-03 3.71095300e+01]"
470,172.37091084282144,231.95961952013917,4.01316780191818,3.804780829638796,0.1961259200828084,0.18594192362693376,1.0547697703520986,0.7491852867475016,1459.6703296703297,5621.0,3.8508695324851314,file 8,channel 1,1,zstack 7,35,"[1.03379538e+02 3.89570049e-02 3.85711810e-02 9.61416073e-03
 1.20337100e-02 9.81811449e-03 2.93899303e+01]"
471,534.9861875061656,236.7272995027974,4.079489808605927,3.373109025851866,0.1993671163709764,0.16484586338966906,1.2094153427417507,1.6515025052924408,1190.953125,6935.0,5.823067133729549,file 8,channel 1,1,zstack 7,36,"[1.59508436e+02 3.63746442e-02 4.39373647e-02 1.38547296e-02
 1.44697662e-02 9.44926941e-03 4.06891653e+01]"
472,153.87190464160886,238.73695593181034,6.135532675702343,3.739229196945166,0.29984716578387194,0.18273837597840945,1.640854933609013,1.592488747598726,3694.858695652174,11985.0,3.243696440706387,file 8,channel 1,1,zstack 7,37,"[2.00903580e+02 3.46776205e-02 5.82072232e-02 1.10267892e-02
 7.61618727e-03 4.04186925e-03 8.16501590e+01]"
473,141.4489736860868,245.11713311339264,4.874032562071868,3.130005418345397,0.23819689779555406,0.15296524412553886,1.5571962059568603,2.3353393655053445,1428.0857142857142,5520.0,3.865314206830323,file 8,channel 1,1,zstack 7,38,"[1.00510764e+02 3.79280358e-02 3.87570618e-02 1.02624188e-02
 1.41028775e-02 9.82578266e-03 2.82776165e+01]"
474,110.39882669920286,268.37147889610145,4.795879039474261,3.846255678034084,0.23437748822094273,0.18796882437051418,1.2468955370968873,0.2824760999415166,1332.159090909091,5510.0,4.136142625607779,file 8,channel 1,1,zstack 7,39,"[6.74249960e+01 2.99073639e-02 2.44213481e-02 4.32159161e-03
 6.36391221e-03 6.57688023e-03 2.32842085e+01]"
475,478.03059679164977,270.35752646239195,3.8163521992020693,3.110275301293218,0.18650742340522125,0.15200102145875913,1.2270142767153995,2.015376807391263,1942.4022988505747,7207.0,3.7103539283622013,file 8,channel 1,1,zstack 7,40,"[2.32231581e+02 5.61460589e-02 6.58612788e-02 2.50275653e-02
 2.78769700e-02 1.81526291e-02 5.17548637e+01]"
476,143.99241084366136,273.44023569349054,5.458923190851116,3.596653481139721,0.26678085400648377,0.17577061514108724,1.5177784625282478,2.3229969760277296,1566.7848101265822,5989.0,3.822477701654602,file 8,channel 1,1,zstack 7,41,"[7.69843686e+01 2.93249947e-02 3.13721632e-02 6.18108113e-03
 7.68952490e-03 5.37066181e-03 2.83766101e+01]"
477,482.84187183334484,282.6830506872089,4.555470069427676,3.617983953464753,0.22262855750740257,0.17681304813094337,1.259118373110843,1.4927735581253894,1303.3731343283582,6979.0,5.354567940819458,file 8,channel 1,1,zstack 7,42,"[8.66032587e+01 2.18331828e-02 2.74637374e-02 7.01568222e-03
 6.76520944e-03 4.37944307e-03 2.64286897e+01]"
478,505.95782234947103,289.5390241068622,4.692654212768178,3.5960551326080594,0.22933282896113247,0.17574137348908203,1.3049450132775924,2.2098755164146233,1167.6617647058824,5347.0,4.5792370373169105,file 8,channel 1,1,zstack 7,43,"[6.49668610e+01 2.33512416e-02 2.66962663e-02 6.38514073e-03
 7.03881656e-03 4.84357436e-03 2.03421980e+01]"
479,108.36322613861172,297.8401665425288,4.400706909169678,3.4019647281628003,0.21506518894204754,0.16625605888726638,1.2935780529230352,1.7427305950170944,1137.2898550724638,5965.0,5.2449250060530375,file 8,channel 1,1,zstack 7,45,"[1.40630179e+02 3.86206628e-02 4.95558095e-02 1.44405572e-02
 1.40084285e-02 8.69278473e-03 3.88360499e+01]"
480,127.63749945132761,300.7748891269307,3.61673251739399,3.3503805890683314,0.17675188969877267,0.16373511103735425,1.0794990065292032,1.991629580636339,1363.3962264150944,7546.0,5.534707998892887,file 8,channel 1,1,zstack 7,46,"[2.09668976e+02 4.39963824e-02 4.67991243e-02 1.64083513e-02
 1.99046980e-02 1.44933687e-02 4.76464951e+01]"
481,490.12019277930136,311.0030902662341,5.051312490616325,3.9593349921648757,0.24686067434668094,0.19349507834764268,1.2757982086922077,-0.47120419011982456,1468.2957746478874,6714.0,4.5726481788794135,file 8,channel 1,1,zstack 7,47,"[9.34361738e+01 3.34643917e-02 2.78485785e-02 4.54516338e-03
 6.51740052e-03 6.69187479e-03 3.57819681e+01]"
482,477.484629233641,316.99994956102944,4.73409875163818,3.886568334260854,0.23135824846001352,0.18993892808501078,1.2180665163934417,-0.7410196841834884,1627.7894736842106,8380.0,5.148085876875323,file 8,channel 1,1,zstack 7,48,"[1.40656269e+02 3.69889710e-02 3.53713257e-02 6.90597798e-03
 8.83921343e-03 7.58734279e-03 4.88950146e+01]"
483,458.21231205533053,333.201478600368,4.632249053965847,3.936809678640726,0.22638079258174337,0.19239425275097413,1.1766504942055611,-0.5227555564550066,2094.3802816901407,5685.0,2.7144067625638026,file 8,channel 1,1,zstack 7,49,"[1.05463298e+02 5.20560308e-02 4.65229792e-02 8.77988627e-03
 1.18655442e-02 1.10566405e-02 3.59823068e+01]"
484,499.1918913492173,348.9972745280042,5.426666500065632,3.1872812747957155,0.2652044501600994,0.1557643496200762,1.7026004397473349,0.8766793152763865,1014.5925925925926,5080.0,5.006935825363218,file 8,channel 1,1,zstack 7,50,"[5.77233673e+01 2.17333072e-02 2.62940289e-02 6.53793663e-03
 7.63068569e-03 4.41563059e-03 1.82813931e+01]"
485,73.34647344614552,350.5990561460791,5.205393129313848,3.61484088406707,0.2543906876735731,0.17665944444230366,1.4400061569120137,0.15626237808673843,1595.1842105263158,6800.0,4.262830559084085,file 8,channel 1,1,zstack 7,51,"[1.45829186e+02 5.49739595e-02 3.84464194e-02 6.07254279e-03
 1.05031170e-02 1.26565111e-02 5.02258623e+01]"
486,34.4985931941407,369.7509715052836,5.711689695491856,4.1053691598718105,0.27913370485540306,0.2006318558059289,1.3912731043339845,2.1158917835092783,2799.3804347826085,8780.0,3.1364082891012375,file 8,channel 1,1,zstack 7,52,"[1.98885628e+02 5.39821162e-02 6.71908645e-02 1.14170342e-02
 1.06990779e-02 7.20767819e-03 9.03074066e+01]"
487,425.79168658576333,380.62175577124134,4.158564124020982,3.5446782964650647,0.2032315256434427,0.17323055665887813,1.1731852022137286,1.2113604818347663,1678.84,8423.0,5.017154702056182,file 8,channel 1,1,zstack 7,53,"[1.33553536e+02 2.72420559e-02 3.12557202e-02 8.79610728e-03
 9.58751509e-03 6.64733515e-03 3.64791924e+01]"
488,100.5997223972357,413.1855842294563,6.809129339728401,3.550801630572105,0.3327662391985635,0.17352980767328718,1.917631579613563,1.8659628331876865,1625.0454545454545,5202.0,3.20114122681883,file 8,channel 1,1,zstack 7,54,"[6.32405563e+01 2.50413699e-02 4.56229832e-02 8.49630284e-03
 5.86090136e-03 2.65157945e-03 2.60528822e+01]"
489,365.0816317629646,470.1249701979937,5.992161346789752,3.315072667651393,0.2928405228562981,0.162009591717978,1.8075505267988523,2.266064085571971,1501.4647887323943,6043.0,4.024736407639488,file 8,channel 1,1,zstack 7,55,"[7.20113829e+01 2.66428709e-02 3.28062768e-02 7.00195103e-03
 8.13574711e-03 4.55463049e-03 2.60770016e+01]"
490,405.9653935112353,470.5465184695486,4.482631809498767,3.893424728377981,0.21906890801082288,0.19027400418225973,1.1513338826936184,2.3111990983343724,1179.7627118644068,4945.0,4.191520845904089,file 8,channel 1,1,zstack 7,56,"[6.61177724e+01 2.82828041e-02 2.92168298e-02 6.32196836e-03
 7.44080782e-03 5.90253298e-03 2.16601253e+01]"
491,441.1189345504413,470.03251857691464,4.107864530339583,3.4314348037373805,0.20075380605896978,0.16769627917514268,1.197127372452323,2.2883417101907546,1207.378787878788,5751.0,4.763211063285103,file 8,channel 1,1,zstack 7,57,"[8.57783581e+01 2.78719183e-02 2.94887655e-02 8.49250296e-03
 1.02977150e-02 7.57495683e-03 2.24783063e+01]"
492,379.6528435832779,476.51077658287824,4.523842672832562,3.9147240213060894,0.2210829076459451,0.1913149134162673,1.1555968308905846,-0.710073877667492,2251.032608695652,7461.0,3.314478862357855,file 8,channel 1,1,zstack 7,58,"[1.24685989e+02 4.03037572e-02 3.83794519e-02 7.79991749e-03
 9.95916243e-03 8.62592695e-03 4.14678013e+01]"
493,328.1223367801419,479.8827382105183,4.792763379407915,3.2831152339938234,0.23422522404278268,0.16044781274711603,1.4598218575403594,2.211250865868279,953.2444444444444,5488.0,5.757180156657964,file 8,channel 1,1,zstack 7,59,"[5.87871457e+01 1.85876618e-02 2.23738456e-02 6.07649444e-03
 6.69456113e-03 4.15703663e-03 1.70755402e+01]"
494,355.50563205213,494.86156738901036,4.702198706050075,3.426449670770702,0.22979927407856351,0.1674526527338666,1.3723238797762416,2.320808580712108,1368.2727272727273,7154.0,5.2284898013421035,file 8,channel 1,1,zstack 7,60,"[9.63246000e+01 2.49200000e-02 2.63455677e-02 6.47717006e-03
 8.05567299e-03 5.78387801e-03 2.87847602e+01]"
495,436.1754681918023,499.4591178660387,4.656667450903509,3.1983252726135722,0.22757413430148335,0.15630407642451843,1.4559705639627532,0.9316734421840138,901.9795918367347,5264.0,5.8360522207389645,file 8,channel 1,1,zstack 7,61,"[6.00226255e+01 1.88748923e-02 2.27159998e-02 6.60656436e-03
 7.34647996e-03 4.52886329e-03 1.64398900e+01]"
496,41.8740158601971,526.2463435920168,4.233505193675328,3.926957004249929,0.2068939407138824,0.19191274663771174,1.0780625275738032,2.0986767672581395,930.0285714285715,5760.0,6.193358114958065,file 8,channel 1,1,zstack 7,62,"[5.19516017e+01 1.70511861e-02 1.79553275e-02 4.15757386e-03
 4.78330000e-03 3.73654643e-03 1.62011492e+01]"
497,407.1425207586841,539.7891933224146,5.1172033970697255,3.037154297084792,0.25008080250755343,0.1484275540794729,1.6848677730932096,1.4472405087622622,1349.274193548387,6834.0,5.064945311099157,file 8,channel 1,1,zstack 7,63,"[9.58600322e+01 2.02594076e-02 3.39846102e-02 1.06111449e-02
 8.00231791e-03 3.78822210e-03 2.62906288e+01]"
498,301.76496203604034,549.5313960173332,4.28189200273903,4.028878426429463,0.20925863312543666,0.19689370773571396,1.062800002762505,-0.7555162127970567,1131.9113924050632,5884.0,5.198286755907449,file 8,channel 1,1,zstack 7,64,"[5.13750997e+01 1.73599120e-02 1.72070542e-02 3.68254045e-03
 4.47359237e-03 3.74724477e-03 1.66524301e+01]"
499,49.27517100152671,553.4021560044256,4.253623925524598,3.699443424909776,0.20787715521912967,0.18079402141069958,1.1498010476071376,2.1672086866616267,979.7076923076924,5038.0,5.142350151536565,file 8,channel 1,1,zstack 7,65,"[5.72597048e+01 2.07102280e-02 2.24704633e-02 5.66405156e-03
 6.47089855e-03 4.79090813e-03 1.67529377e+01]"
500,351.1080169988845,575.1344288784417,4.5296721997599425,3.7161362603947534,0.2213678001270752,0.18160981030363285,1.2189198356463844,2.21989161887887,1269.0666666666666,8643.0,6.8105169153183445,file 8,channel 1,1,zstack 7,66,"[9.02783727e+01 1.88658965e-02 2.07683760e-02 4.87598036e-03
 5.47097599e-03 3.99844173e-03 2.84761874e+01]"
501,385.0278201667119,590.7794305539632,5.389912883363237,3.6358557422069424,0.26340827884409246,0.17768645317742862,1.482433095679311,2.324277425071079,1327.090909090909,6149.0,4.633442937388684,file 8,channel 1,1,zstack 7,67,"[7.72419490e+01 2.65121033e-02 2.81681137e-02 5.53761423e-03
 6.84225183e-03 4.87672472e-03 2.86416268e+01]"
502,25.99542483347284,594.4594536129725,4.24929227394895,3.8711052900518608,0.20766546480579937,0.18918323983013133,1.0976948327571898,1.9777746396670177,1149.578313253012,7690.0,6.689409421998637,file 8,channel 1,1,zstack 7,68,"[7.41003604e+01 1.73075592e-02 1.86865629e-02 4.43653507e-03
 4.99412158e-03 3.78545671e-03 2.27587969e+01]"
503,246.01052529363577,615.0239689104475,4.304977596893785,3.662006401771545,0.21038683997292892,0.17896445161183958,1.1755789380409587,2.219616028870557,1036.4754098360656,6586.0,6.354226967180703,file 8,channel 1,1,zstack 7,70,"[7.37232014e+01 2.00324644e-02 2.16746590e-02 5.45999905e-03
 6.27994448e-03 4.64581579e-03 2.16827714e+01]"
504,299.7257649019287,27.7268723983861,4.425876803570716,4.089058555517877,0.21629525679404,0.19983474677787058,1.0823706101245063,-0.2456865252727954,2368.3142857142857,9772.0,4.126141559397281,file 9,channel 1,1,zstack 7,0,"[1.62589445e+02 3.99474704e-02 3.70860221e-02 7.22472901e-03
 9.24226834e-03 8.43413215e-03 5.57789793e+01]"
505,269.7718558646418,51.31369590141069,6.656953910484511,3.986075140600644,0.3253293346016042,0.19480188545713092,1.6700522884476794,0.9083580712314353,2597.866666666667,8321.0,3.203012728392527,file 9,channel 1,1,zstack 7,1,"[1.83602176e+02 6.12512462e-02 7.90650816e-02 1.11335168e-02
 1.18964884e-02 7.32273331e-03 8.59263965e+01]"
506,290.7826778728239,87.94391407390061,6.041177398890004,3.654160489141158,0.2952359667528613,0.17858101715071675,1.653232641763326,-0.05655446602981377,2980.6805555555557,9406.0,3.1556551682361875,file 9,channel 1,1,zstack 7,2,"[2.39994811e+02 8.77782793e-02 5.20555619e-02 6.33618596e-03
 1.21575845e-02 1.74142312e-02 9.31260167e+01]"
507,269.89437748881994,92.7260197600092,5.471237297401544,3.518591161554914,0.26738265178729076,0.17195566271247195,1.554951128503298,1.1227811915760326,2079.76,8670.0,4.168750240412355,file 9,channel 1,1,zstack 7,3,"[1.35144464e+02 3.09413314e-02 4.34360530e-02 9.80610496e-03
 8.76488938e-03 4.87732632e-03 4.75771514e+01]"
508,316.12006999560765,102.89300961855476,4.324389306110491,3.875980278518475,0.2113355018576093,0.18942148344355583,1.115689192248267,1.4212562447806814,1821.608695652174,9239.0,5.071890588824975,file 9,channel 1,1,zstack 7,4,"[1.55317111e+02 3.24766625e-02 3.61454449e-02 8.52292744e-03
 9.22658186e-03 6.83401610e-03 4.88376917e+01]"
509,341.2847273135604,133.17190893182382,5.527137546113711,3.3314909387231535,0.2701145305057165,0.1628119624831822,1.6590582558306683,1.0906382265409373,2497.931818181818,8922.0,3.571754815347242,file 9,channel 1,1,zstack 7,5,"[2.69950589e+02 6.35542070e-02 9.16635701e-02 2.22688134e-02
 2.01798812e-02 1.05142537e-02 8.97335194e+01]"
510,260.2668520133938,158.17029787767123,5.004499769287712,3.364687181619675,0.24457290854786085,0.1644342828053628,1.4873595966441888,1.765326244786365,1974.1333333333334,8519.0,4.315311360259354,file 9,channel 1,1,zstack 7,6,"[1.21690690e+02 2.43689638e-02 3.56749058e-02 9.54761364e-03
 7.99788235e-03 4.37830123e-03 3.72535159e+01]"
511,53.917693684027824,200.3837538498625,5.171366367441163,3.846891234356714,0.2527277793903637,0.1879998843896045,1.3442975255592144,1.0427022492141433,2074.9024390243903,8072.0,3.890303393635904,file 9,channel 1,1,zstack 7,7,"[1.81987389e+02 5.05880731e-02 6.19807382e-02 1.25339326e-02
 1.23488874e-02 8.23849797e-03 6.78943260e+01]"
512,297.9499210779651,224.33178234349253,5.26384666667067,3.697514275984515,0.2572473471411194,0.18069974274441442,1.4236176722452536,1.1420162783082868,1963.3142857142857,8923.0,4.544865824553233,file 9,channel 1,1,zstack 7,9,"[9.52659015e+01 2.05907133e-02 2.72691818e-02 5.88928726e-03
 5.38814837e-03 3.28957936e-03 3.44954914e+01]"
513,375.9273630063999,269.4868404829491,5.449064261078643,4.119865183881468,0.266299042188963,0.2013402852030445,1.322631692512057,0.9938091999863707,2831.9565217391305,9422.0,3.327028479312198,file 9,channel 1,1,zstack 7,11,"[1.14837312e+02 2.93772050e-02 3.49509949e-02 6.09699992e-03
 5.95931349e-03 4.24047473e-03 5.00755429e+01]"
514,337.04352029219825,271.20503661502465,5.294998806109997,3.531148735234264,0.25876977090001774,0.17256935887805291,1.499511689574502,1.4122191285024979,2826.3690476190477,8970.0,3.1736832129393675,file 9,channel 1,1,zstack 7,12,"[2.60127263e+02 5.84984302e-02 8.69612962e-02 2.05737226e-02
 1.64916723e-02 9.11315478e-03 8.85513483e+01]"
515,274.07731364738174,272.37057644981354,4.631911596078732,3.8147552607264044,0.22636430081218217,0.186429380063075,1.2142093737349549,1.5688073615063711,2196.6190476190477,10027.0,4.564742352966681,file 9,channel 1,1,zstack 7,13,"[1.31466964e+02 2.52136933e-02 3.06575548e-02 7.05195643e-03
 6.91669424e-03 4.71310414e-03 4.31176651e+01]"
516,458.8972624484131,277.6519378665518,4.690059600326376,3.0705777037052835,0.22920602869323348,0.15006097602923849,1.5274192848683994,1.8310974790979437,3441.972602739726,9579.0,2.7829971663270503,file 9,channel 1,1,zstack 7,14,"[2.65430337e+02 5.58177762e-02 8.24997447e-02 2.71755712e-02
 2.35366525e-02 1.23124749e-02 6.96145296e+01]"
517,315.0374942163042,281.12303418970026,5.145002295553585,3.518540839008176,0.251439351367591,0.171953203419398,1.462254534184655,0.7533579280148139,2124.878048780488,8051.0,3.7889233241505966,file 9,channel 1,1,zstack 7,15,"[1.91222224e+02 6.13299381e-02 5.78342417e-02 1.17067036e-02
 1.64951545e-02 1.32277363e-02 6.49378338e+01]"
518,406.35692217055396,282.4845023456533,5.514550833858924,3.9482182624103985,0.2694994103204584,0.19295179708978782,1.3967188405871653,-0.7518285267323327,2788.7638888888887,11463.0,4.110423275943643,file 9,channel 1,1,zstack 7,16,"[2.15424217e+02 4.86544096e-02 4.60266899e-02 7.41401806e-03
 9.83084618e-03 8.33332085e-03 9.00564828e+01]"
519,477.35698342901924,284.7908303021918,5.708357722925092,3.534051566914063,0.27897086935546833,0.17271122200517508,1.6152446037762926,0.7049861051909623,3329.193181818182,10304.0,3.095044185562295,file 9,channel 1,1,zstack 7,17,"[2.62586356e+02 7.85099551e-02 6.67973935e-02 1.12907135e-02
 1.81640537e-02 1.57851491e-02 9.84304200e+01]"
520,391.40285242125907,306.74869202510695,4.696770119965678,3.596135492399926,0.22953397581716456,0.17574530072036051,1.3060603889624942,1.7423853970505492,2643.425,13873.0,5.248115607592422,file 9,channel 1,1,zstack 7,18,"[1.64931306e+02 2.02532571e-02 2.62439652e-02 6.59833369e-03
 6.16632780e-03 3.87460931e-03 5.14734496e+01]"
521,485.345199930388,311.1422112254542,4.413795186597607,3.9272066745262886,0.21570482091846893,0.19192494817402553,1.1239019365157328,1.5723894008603403,2787.6304347826085,11164.0,4.004835024292098,file 9,channel 1,1,zstack 7,19,"[1.65824832e+02 3.01829630e-02 3.39292831e-02 7.70894526e-03
 8.18965829e-03 6.05341526e-03 5.40349678e+01]"
522,346.9465701484233,321.39509702619944,4.590834667424952,3.363186670921082,0.22435684664528993,0.16436095194657963,1.3650252325029737,2.083962284021969,2197.6857142857143,10267.0,4.671732601827896,file 9,channel 1,1,zstack 7,20,"[1.96412458e+02 3.40194092e-02 4.22450686e-02 1.17666938e-02
 1.21333122e-02 7.56011686e-03 5.58522519e+01]"
523,411.0720230599279,327.2208044219493,5.581120617451545,3.620709800371022,0.27275271561473885,0.17694626190591717,1.541443784552862,1.348774594103312,2715.5844155844156,9349.0,3.44272118603539,file 9,channel 1,1,zstack 7,22,"[1.72487250e+02 3.86244361e-02 5.83729386e-02 1.26823415e-02
 9.91801292e-03 5.43278584e-03 6.34948084e+01]"
524,438.0462868803547,328.3183047235713,3.802639734597889,3.7213568293795665,0.18583728702671937,0.1818649426444766,1.0218422766063726,0.69503916383485,3242.390804597701,12246.0,3.776842687388333,file 9,channel 1,1,zstack 7,23,"[4.14042308e+02 6.91210476e-02 6.85526621e-02 1.88713657e-02
 2.38910746e-02 1.91826357e-02 1.08956657e+02]"
525,326.99183425071135,335.7590449377394,4.429429490313721,3.644810693530111,0.21646887872828974,0.17812408702536134,1.215270109412372,2.2720689446998623,2493.9080459770116,10266.0,4.116430842973683,file 9,channel 1,1,zstack 7,24,"[3.12196893e+02 6.45116992e-02 6.92280202e-02 1.69016173e-02
 1.97084049e-02 1.46163033e-02 9.40706083e+01]"
526,165.89472886512817,342.0913459331558,5.780827809800376,3.713762375089075,0.2825125260138574,0.18149379710340616,1.55659604087128,1.559346123723554,2297.10843373494,10416.0,4.534396307563202,file 9,channel 1,1,zstack 7,25,"[1.24263961e+02 2.13436200e-02 3.34790030e-02 6.84983439e-03
 4.98180909e-03 2.72293755e-03 4.86149988e+01]"
527,361.675271594059,346.2119177496214,4.777700500020704,3.93550889757629,0.23348909208301238,0.19233068279933474,1.213998144677829,0.8178260399175271,3476.4712643678163,12481.0,3.5901346655513415,file 9,channel 1,1,zstack 7,26,"[1.87361241e+02 3.69544562e-02 3.81193569e-02 7.53350285e-03
 8.88090852e-03 7.07128003e-03 6.64532848e+01]"
528,259.5803114070724,353.25638140316516,4.231029649364705,3.9575382863840565,0.2067729593770455,0.1934072722573484,1.0691064351598563,1.3677753315215204,2382.43661971831,14726.0,6.181066844809137,file 9,channel 1,1,zstack 7,28,"[1.96640481e+02 2.50009482e-02 2.66531333e-02 6.14208696e-03
 6.96097910e-03 5.38614262e-03 6.16460804e+01]"
529,275.71376671313686,357.86488697151356,4.596479017858508,3.7732175845141387,0.2246326894399824,0.18439940888635556,1.218185518037221,0.8062057787789747,2827.9253731343283,9674.0,3.420882351388867,file 9,channel 1,1,zstack 7,29,"[1.22682477e+02 2.85263881e-02 2.88023051e-02 6.20766991e-03
 7.65263606e-03 6.09763552e-03 3.96752068e+01]"
530,401.1781542072898,363.7515794881952,4.7390950402611365,3.8915483354755884,0.23160242008491003,0.1901823037344881,1.2177916427400532,1.6302530785987766,3524.8571428571427,12046.0,3.4174434627543167,file 9,channel 1,1,zstack 7,30,"[1.95177642e+02 3.65173928e-02 4.44741152e-02 9.76899257e-03
 9.40341213e-03 6.48107598e-03 6.78192982e+01]"
531,339.29719345555606,374.9911265062786,4.2023959584113015,3.790063862323368,0.20537361370779172,0.18522269659780546,1.108792915123907,1.4294838502752587,3297.7466666666664,11599.0,3.5172501627373847,file 9,channel 1,1,zstack 7,31,"[2.34593306e+02 4.20041077e-02 4.64761412e-02 1.16298713e-02
 1.28422873e-02 9.45462189e-03 6.97141825e+01]"
532,407.15729811392123,377.9958600661586,4.609289353515058,3.856003093530411,0.22525873823515352,0.18844518641840383,1.1953541638098029,0.9694103297104257,2864.978260869565,12194.0,4.2562277580071175,file 9,channel 1,1,zstack 7,32,"[1.16600072e+02 1.99926845e-02 2.21522028e-02 4.87698412e-03
 5.31748583e-03 3.94061642e-03 3.91462596e+01]"
533,536.6181309472171,383.92786752311935,4.881326708980445,3.2839717225204583,0.23855336713455852,0.16048966985566912,1.4864094826108951,0.8665154758301203,2007.5961538461538,9312.0,4.638383064323004,file 9,channel 1,1,zstack 7,34,"[1.25950013e+02 2.58350913e-02 2.95841725e-02 7.69997965e-03
 9.06491276e-03 5.83406899e-03 3.73012286e+01]"
534,311.2995657974294,400.31594931553155,4.486646779787863,3.4912259582283878,0.21926512201953632,0.1706183087951743,1.285120709306538,1.834447474539226,2221.0963855421687,8361.0,3.7643571230967012,file 9,channel 1,1,zstack 7,35,"[1.68149342e+02 3.79559889e-02 4.78725529e-02 1.30426815e-02
 1.28235213e-02 8.12807197e-03 4.84730558e+01]"
535,409.9988656505544,401.5710718481695,5.0872330589667065,3.3861111167711924,0.2486161340895426,0.16548128337966658,1.5023821970194557,0.6815863049467555,2564.6329113924053,10641.0,4.149131812483342,file 9,channel 1,1,zstack 7,36,"[1.64797536e+02 3.64716070e-02 3.09943802e-02 6.28655334e-03
 9.95289306e-03 8.79015134e-03 5.25040356e+01]"
536,290.37834182811395,409.9464835869886,8.49888592086127,3.1496794933665524,0.4153456578892702,0.1539267279846135,2.6983335729113147,1.0302544664467623,3540.821917808219,10683.0,3.0170961002785517,file 9,channel 1,1,zstack 7,37,"[1.51609990e+02 3.44134734e-02 6.25150130e-02 1.05575423e-02
 9.62566830e-03 3.54329599e-03 6.11125222e+01]"
537,313.0955718487043,426.649097664671,4.2289989171339695,3.364441274266641,0.2066737162736287,0.1644222651653713,1.2569691584394733,0.8940697870322165,2370.9466666666667,12580.0,5.305897503669421,file 9,channel 1,1,zstack 7,38,"[1.77756486e+02 2.47528768e-02 2.72663448e-02 7.94027494e-03
 9.32291613e-03 6.52184440e-03 4.69004129e+01]"
538,426.45717811432246,431.6645288729958,4.559275387032056,3.7499396135671152,0.2228145256635334,0.18326180046951746,1.215826348386198,2.2927206468910777,3895.6304347826085,13012.0,3.340152567815669,file 9,channel 1,1,zstack 7,39,"[2.80833832e+02 4.80743437e-02 5.09652721e-02 1.14919858e-02
 1.34390073e-02 1.01917145e-02 8.97472231e+01]"
539,368.39337192602085,433.49722769960385,4.816016025214743,3.244308041118093,0.2353615948048136,0.15855128193050136,1.4844509103873467,1.1418231511373544,3645.1012658227846,13480.0,3.698113993811705,file 9,channel 1,1,zstack 7,40,"[4.58854981e+02 6.56365385e-02 8.96005851e-02 2.57216671e-02
 2.43122847e-02 1.36585665e-02 1.30436676e+02]"
540,505.0430914631923,434.8768001064392,4.297858385429348,3.448287128007094,0.21003891983411502,0.1685198623807469,1.2463748597157152,1.7291431173132472,2407.076923076923,9096.0,3.7788572159018283,file 9,channel 1,1,zstack 7,41,"[2.17473531e+02 4.46958760e-02 5.53849091e-02 1.60770786e-02
 1.61487072e-02 1.03899576e-02 5.96317765e+01]"
541,298.55281823091445,445.243105971786,4.61402934802614,3.1388951957032427,0.22549038461291754,0.15339969288265423,1.4699532989639705,0.22560193739862625,3433.5555555555557,12220.0,3.5589929454404245,file 9,channel 1,1,zstack 7,42,"[3.72513419e+02 7.57701953e-02 5.26796927e-02 1.16753398e-02
 2.15229592e-02 2.43884174e-02 9.83595056e+01]"
542,158.76608007072977,447.72325427804986,3.9184877337473862,3.6047647359149555,0.19149884830309752,0.17616701703214663,1.0870300895663867,1.09926618376804,1262.375,7243.0,5.73759778195861,file 9,channel 1,1,zstack 7,43,"[1.06779875e+02 2.52536603e-02 2.68956695e-02 7.69898956e-03
 9.09338420e-03 6.77476786e-03 2.80285565e+01]"
543,415.3244607480264,450.77739151946184,5.863071739655495,3.926722119887875,0.28653183624712286,0.1919012676979079,1.4931211225669594,-0.5992575836715326,2728.4666666666667,8564.0,3.1387592542820144,file 9,channel 1,1,zstack 7,44,"[1.56513034e+02 5.78961193e-02 4.58507924e-02 6.27963585e-03
 9.88656896e-03 1.00655266e-02 6.78331927e+01]"
544,506.6836573855928,451.5482360437471,6.123344363950332,3.092612722234689,0.2992515156703938,0.15113784061512892,1.9799906790545923,1.4797160685141166,3103.3571428571427,12159.0,3.91801505282298,file 9,channel 1,1,zstack 7,45,"[1.41171859e+02 1.82349545e-02 3.63980692e-02 9.40370950e-03
 5.87296307e-03 2.43854375e-03 4.49933698e+01]"
545,381.14839467600154,457.9727713623123,5.84327535076479,3.236549550425318,0.28556437483580316,0.15817211983195986,1.805402716605071,-0.7591536282577948,3490.688888888889,13698.0,3.92415378053361,file 9,channel 1,1,zstack 7,46,"[3.31186328e+02 6.52114674e-02 6.12196567e-02 1.21685658e-02
 1.91000202e-02 1.38713857e-02 1.15068813e+02]"
546,77.09108363869649,466.8052997935975,4.670644555360344,4.082006472145106,0.22825720378848063,0.19949010722920177,1.1442031234472558,1.6344189334145336,1697.8555555555556,7777.0,4.5804838783563575,file 9,channel 1,1,zstack 7,47,"[1.07458644e+02 2.87192363e-02 3.28610892e-02 6.74168562e-03
 6.81848081e-03 5.08130813e-03 3.91693731e+01]"
547,472.86548533801977,483.6231514096809,4.593735659067975,3.8305480256782465,0.22449861984871006,0.18720118196862978,1.1992371922434248,0.6720292227307335,2590.735294117647,9586.0,3.7001078503718,file 9,channel 1,1,zstack 7,48,"[2.03843819e+02 5.10337623e-02 4.71490026e-02 9.51862806e-03
 1.26540831e-02 1.11948600e-02 6.71922425e+01]"
548,355.50164658148685,487.9259055921688,4.9135399016326895,3.719226025269855,0.24012764520105415,0.18176080896824867,1.3211189285749791,2.1125747506808,2498.2987012987014,13111.0,5.247971346734661,file 9,channel 1,1,zstack 7,49,"[1.21630110e+02 1.74471654e-02 2.09726575e-02 4.65855139e-03
 4.75383134e-03 3.18153527e-03 4.15951448e+01]"
549,454.62958617032837,490.2424640879845,5.964676868169096,3.860891572497391,0.29149733988376053,0.1886840893206812,1.5448962386454395,1.423375946815035,3095.9473684210525,12240.0,3.9535555820002384,file 9,channel 1,1,zstack 7,50,"[2.66580096e+02 4.70068851e-02 7.31792504e-02 1.34787574e-02
 9.98716478e-03 5.66346180e-03 1.11048397e+02]"
550,436.5380058365883,496.82449296612873,4.745911311447151,3.342155237759778,0.23193553535042474,0.16333313318020526,1.4200152218627344,0.024980143008571834,2219.4590163934427,7919.0,3.567986586599895,file 9,channel 1,1,zstack 7,51,"[1.28608427e+02 4.17585458e-02 2.93697149e-02 5.78480746e-03
 1.02464695e-02 1.18295007e-02 3.70586835e+01]"
551,331.73345140545763,502.01977034542807,4.57982748822003,3.949028581097418,0.2238189191885686,0.1929913978505574,1.1597352093479443,1.563530225430809,1858.0131578947369,8958.0,4.821279096941413,file 9,channel 1,1,zstack 7,52,"[8.69391960e+01 1.90556537e-02 2.21072951e-02 4.85431591e-03
 4.92887500e-03 3.56412478e-03 2.97209880e+01]"
552,64.61535327857726,503.33638800583145,4.8048998713025854,3.726535021112242,0.23481834168871868,0.1821180039835641,1.289374672203802,1.0877170891819143,2246.141304347826,8255.0,3.675191753974207,file 9,channel 1,1,zstack 7,53,"[1.51484130e+02 3.88881641e-02 4.69539081e-02 1.06330916e-02
 1.07744261e-02 7.21966797e-03 5.01530553e+01]"
553,419.61324958093263,529.0324468106734,5.141358934239956,4.031781093713545,0.25126129811263165,0.19703556282871873,1.2752078584466038,1.8975994562715448,2853.0697674418607,10432.0,3.6564125136531844,file 9,channel 1,1,zstack 7,54,"[1.86787026e+02 3.95257463e-02 4.90675457e-02 9.52216327e-03
 8.77489162e-03 6.04035944e-03 7.42204224e+01]"
554,301.80262079354367,533.0390269913128,4.176969826031803,3.8650179303638734,0.20413102335194042,0.18888574690718132,1.0807116296194157,1.8264241697809616,2211.0886075949365,15655.0,7.080222812521469,file 9,channel 1,1,zstack 7,55,"[1.49741999e+02 1.69630621e-02 1.82350079e-02 4.42365752e-03
 5.01171081e-03 3.81372348e-03 4.52209075e+01]"
555,214.1284659460055,550.8221065948854,4.7403125606332654,3.383765291848673,0.23166192103652467,0.165366641507213,1.4008987479280697,0.8673587848115472,1474.8048780487804,7539.0,5.111862668893777,file 9,channel 1,1,zstack 7,56,"[9.52572592e+01 2.29649636e-02 2.58271825e-02 6.60651819e-03
 7.72282244e-03 5.19062671e-03 2.83498015e+01]"
556,454.23534972046116,555.8810728535278,5.1593006308423774,3.4313410753081954,0.2521381195982208,0.1676916986105316,1.5035814037749018,2.3132087700518293,4331.739726027397,19124.0,4.414854356343903,file 9,channel 1,1,zstack 7,57,"[3.67617103e+02 4.17706877e-02 4.55113153e-02 1.02588113e-02
 1.26438301e-02 8.58840110e-03 1.21274640e+02]"
557,309.0764247737061,572.8868651272209,4.201726334801589,3.295697581756202,0.20534088879992685,0.16106271963700958,1.2749125884792454,1.3455717179227498,2681.323943661972,9931.0,3.703767321167806,file 9,channel 1,1,zstack 7,58,"[2.13470057e+02 3.89811176e-02 4.90382521e-02 1.56707890e-02
 1.57660522e-02 9.84349453e-03 5.47235024e+01]"
558,271.60429499882576,576.7865370918446,5.495381052830346,3.862425196453425,0.26856257161159136,0.18875903844423753,1.4227799305670288,0.7378231575733692,2808.277777777778,8644.0,3.0780430869057747,file 9,channel 1,1,zstack 7,59,"[1.84573874e+02 6.54535950e-02 6.02289365e-02 9.88122870e-03
 1.36403015e-02 1.17646975e-02 7.51052463e+01]"
559,413.0256713177817,602.2743772511293,4.619157263962296,3.2492006638757838,0.2257409889436423,0.15879038734231882,1.4216288071455612,0.7655510163713427,1816.090909090909,7812.0,4.301546778795615,file 9,channel 1,1,zstack 7,60,"[1.09342050e+02 2.89403457e-02 2.86993469e-02 7.53096396e-03
 1.02681826e-02 7.65814636e-03 3.04170189e+01]"
560,325.2167808424406,606.1553928641918,4.356179883129909,3.4812582951203628,0.21288912644438004,0.17013118311425898,1.2513233761585323,1.6282121879262395,1482.7115384615386,7703.0,5.195211475856344,file 9,channel 1,1,zstack 7,61,"[8.43799781e+01 1.86001686e-02 2.32609453e-02 6.58112992e-03
 6.50731486e-03 4.17139661e-03 2.36608896e+01]"
561,297.2733088427996,624.0346773269948,4.148922351440329,3.77548664231818,0.2027603264282726,0.18451029910363628,1.098910615902181,1.2948240131927093,2046.4571428571428,11549.0,5.643411610309106,file 9,channel 1,1,zstack 7,62,"[1.58841708e+02 2.43967393e-02 2.66071893e-02 6.75130065e-03
 7.60095570e-03 5.65482967e-03 4.63893252e+01]"
562,260.8253650680275,29.19746032769254,4.653857932528937,3.4339254023579335,0.22743683145161522,0.1678179962251448,1.3552588909861951,2.2273147090173206,1154.8529411764705,4218.0,3.652413090538648,file 10,channel 1,1,zstack 7,0,"[7.81604318e+01 3.81214021e-02 4.38894784e-02 1.13425712e-02
 1.27213239e-02 8.49510764e-03 2.31708773e+01]"
563,100.5714289742794,33.69058630475209,4.1530269529071475,3.3593712086098684,0.20296092076645808,0.1641744880125347,1.236251278889093,1.384144626988342,1039.7894736842106,4070.0,3.914253897550111,file 10,channel 1,1,zstack 7,1,"[4.87018826e+01 2.11514714e-02 2.59439677e-02 8.09669060e-03
 8.32900309e-03 5.35296814e-03 1.25692551e+01]"
564,200.34302440370175,35.5276012514922,4.383801085524189,3.3819088076786743,0.21423899118982684,0.16527591401114713,1.2962505303427174,2.2089184822196852,995.1168831168832,4190.0,4.210560659845479,file 10,channel 1,1,zstack 7,2,"[9.79105685e+01 4.45960847e-02 5.08220510e-02 1.42830922e-02
 1.61856980e-02 1.09419822e-02 2.68161563e+01]"
565,213.37050536516332,38.761738420693824,5.335924094277929,4.069564363663973,0.260769814305318,0.19888205391718577,1.311178204212946,-0.5094924081059975,1588.3033707865168,5476.0,3.4477040726094557,file 10,channel 1,1,zstack 7,3,"[8.57287982e+01 4.43860632e-02 3.65941669e-02 5.40461168e-03
 7.74034904e-03 8.11066070e-03 3.59609160e+01]"
566,459.12183439061175,45.97422323271627,4.980662412379593,4.047264145834867,0.24340796260323516,0.19779222888228692,1.2306244991459991,0.6999142391936443,1811.4266666666667,4988.0,2.753630655763045,file 10,channel 1,1,zstack 7,4,"[1.01170963e+02 6.12355600e-02 5.64945501e-02 9.64288531e-03
 1.25802761e-02 1.12836921e-02 3.77976902e+01]"
567,156.14654009806776,51.98379655165733,4.1007263664831,3.82151250956346,0.2004049597053771,0.18675961087095766,1.073063703499831,0.8049502491603396,1193.9855072463768,6686.0,5.5997329610972875,file 10,channel 1,1,zstack 7,5,"[7.40343286e+01 2.10957947e-02 2.10964589e-02 5.12224498e-03
 6.31414228e-03 5.12249512e-03 2.16679926e+01]"
568,226.95959473816825,72.80667014648577,6.38041036124844,3.6319919816422734,0.3118144853069981,0.1774976288787379,1.7567247927577796,-0.7264066673456308,1786.686746987952,6809.0,3.8109646313092145,file 10,channel 1,1,zstack 7,6,"[8.54754859e+01 3.54176278e-02 3.04761194e-02 4.46838067e-03
 7.35458343e-03 6.10580720e-03 3.69058950e+01]"
569,204.98609169958212,78.0678193856844,4.952665380391082,3.91303907038495,0.24203973083986108,0.19123256885306592,1.2656825785038373,0.8099397626869862,1597.2823529411764,4931.0,3.0871185616746093,file 10,channel 1,1,zstack 7,7,"[1.04402725e+02 5.71568803e-02 5.85261889e-02 1.12416540e-02
 1.33788550e-02 1.06944752e-02 3.88501875e+01]"
570,95.99149694973555,99.528235347891,5.116412537963207,3.720502435770992,0.2500421527481669,0.18182318791582697,1.3751939761606267,-0.74107829295142,1526.1538461538462,4803.0,3.147127016129032,file 10,channel 1,1,zstack 7,8,"[1.47299352e+02 8.94101504e-02 8.31381746e-02 1.54108788e-02
 2.12958085e-02 1.78086823e-02 5.12865139e+01]"
571,526.0117394108333,106.96024639874129,3.703746533273848,3.468553454066223,0.1810043169001422,0.16951028990364914,1.067807252309145,0.8056852806799571,801.2352941176471,4028.0,5.027237354085603,file 10,channel 1,1,zstack 7,9,"[5.01051390e+01 2.13177709e-02 2.13725149e-02 6.72897813e-03
 8.59625399e-03 6.69425248e-03 1.20193560e+01]"
572,86.56908966893702,114.24016850092244,4.8219064956367275,4.4578101832010235,0.235649465631117,0.21785586023014702,1.0816760466400697,1.770526658496271,1563.4175824175825,5800.0,3.7098213971926812,file 10,channel 1,1,zstack 7,10,"[4.85817936e+01 1.95505819e-02 2.10884216e-02 3.65465257e-03
 3.76785669e-03 3.11164855e-03 2.05611449e+01]"
573,163.9919186246457,117.04661814409418,4.4793847423220035,3.734781467678101,0.21891022188827672,0.18252101277860372,1.1993699714663142,1.8599490568851544,997.2253521126761,5469.0,5.484216770475827,file 10,channel 1,1,zstack 7,11,"[5.08834131e+01 1.69287791e-02 1.99783145e-02 4.86857753e-03
 4.99547495e-03 3.46013945e-03 1.59063999e+01]"
574,118.16540574259417,127.76469701723033,4.234497354263496,3.917719166782803,0.20694242819754338,0.19146128797407214,1.0808578088410632,1.2968212837554103,1868.5694444444443,11465.0,6.1357098790667255,file 10,channel 1,1,zstack 7,12,"[1.53307667e+02 2.47951913e-02 2.66375063e-02 6.24494814e-03
 7.03175741e-03 5.38664669e-03 4.76699770e+01]"
575,201.58591907673883,155.38354424062948,4.621054681330822,3.3974215718602436,0.22583371686969747,0.16603403211093945,1.3601652263603492,0.9956012978606796,973.8666666666667,4026.0,4.134036144578313,file 10,channel 1,1,zstack 7,13,"[4.57664280e+01 2.12860805e-02 2.56717734e-02 6.90960466e-03
 7.36746270e-03 4.71188708e-03 1.32449660e+01]"
576,67.07226197933491,161.8028135089232,4.495005696511377,4.2151956677334494,0.21967362729871034,0.20599914318762033,1.0663812669290353,2.3020143936751625,1011.984375,5981.0,5.910170302777649,file 10,channel 1,1,zstack 7,14,"[6.97895448e+01 2.30958678e-02 2.34988905e-02 4.57048339e-03
 5.24255518e-03 4.40654032e-03 2.54086265e+01]"
577,581.2719884555258,162.35755143480327,5.013802215485364,3.3721376028890218,0.24502752467895395,0.164798389366209,1.4868320353208226,1.4516302798599132,1234.75,5038.0,4.080178173719377,file 10,channel 1,1,zstack 7,15,"[8.29665546e+01 2.82602996e-02 4.18314050e-02 1.11577968e-02
 9.19085269e-03 5.01378502e-03 2.54130947e+01]"
578,208.10316492196318,172.36745819078183,4.918505790991005,3.8430785806846806,0.24037033119563517,0.1878135577154427,1.2798348219345352,0.6422029389809035,1174.4137931034484,4536.0,3.8623524575723764,file 10,channel 1,1,zstack 7,16,"[3.81108902e+01 2.08916523e-02 1.84782436e-02 3.35410595e-03
 4.66147294e-03 4.33359140e-03 1.36559364e+01]"
579,47.540209740411775,173.4045612217946,4.6942647983381365,3.7045104076460356,0.22941153924497087,0.18104164789935967,1.267175491975746,2.297828165919199,1294.5466666666666,5368.0,4.146625330875159,file 10,channel 1,1,zstack 7,17,"[5.09002527e+01 1.95120473e-02 2.08480318e-02 4.63209217e-03
 5.43581041e-03 4.04260418e-03 1.64992893e+01]"
580,92.7529575927483,181.79857771498683,4.527015465635213,3.2816779619741703,0.22123796393523218,0.16037757240054268,1.3794819351841217,1.3788194682068988,1049.025,3819.0,3.6405233431043107,file 10,channel 1,1,zstack 7,18,"[6.20193652e+01 2.82135588e-02 3.84644160e-02 1.16144432e-02
 1.07183371e-02 6.20573362e-03 1.67288777e+01]"
581,57.78019156998404,193.62560537495372,5.235869759774584,4.496675774098254,0.2558800989030957,0.21975524499313598,1.1643867654266369,-0.20126617493407875,1815.445652173913,5434.0,2.9932044473449446,file 10,channel 1,1,zstack 7,19,"[6.48594475e+01 3.56752264e-02 3.07855556e-02 4.22561901e-03
 5.38243840e-03 5.78561854e-03 3.03467176e+01]"
582,227.0295310235874,199.4480851051456,4.753000379731647,4.0548239689397185,0.2322819823739362,0.19816168197652173,1.1721841481011301,2.168766966971757,1222.5,4700.0,3.8445807770961147,file 10,channel 1,1,zstack 7,20,"[4.20561797e+01 1.96547467e-02 2.15694937e-02 4.28189025e-03
 4.59078125e-03 3.52239060e-03 1.54731674e+01]"
583,56.497924790198184,207.17015021914216,5.550429497465067,3.5000848654535948,0.2712528221533085,0.17105124891037246,1.5857985479862806,0.7654384387017799,1689.611111111111,5099.0,3.0178542070824976,file 10,channel 1,1,zstack 7,21,"[9.86832552e+01 5.80271755e-02 5.72731854e-02 1.10249430e-02
 1.53462826e-02 1.13252546e-02 3.57102753e+01]"
584,107.58003663931204,238.244117187943,4.480827845215742,3.4532569519430147,0.21898074719316765,0.1687627406604979,1.2975657205857656,1.709658307561183,1157.432098765432,4363.0,3.769551582899565,file 10,channel 1,1,zstack 7,22,"[8.03602355e+01 3.29613701e-02 4.25505649e-02 1.19137707e-02
 1.13979748e-02 7.07621118e-03 2.29107306e+01]"
585,62.046747089130164,253.95289568414677,4.271051356912128,4.10877153140804,0.20872884425488986,0.20079813174577066,1.039495947697164,-0.6909603223017187,1013.8765432098766,5089.0,5.019348789635186,file 10,channel 1,1,zstack 7,23,"[6.25839976e+01 2.58361529e-02 2.54449660e-02 5.32456904e-03
 6.45109782e-03 5.49610939e-03 2.08092267e+01]"
586,48.730979578252175,267.9396200835003,5.716655681038901,4.327322909569232,0.2793763955507851,0.2114788688200445,1.321060572668928,0.8144521811736262,1908.6521739130435,5614.0,2.9413426273947016,file 10,channel 1,1,zstack 7,24,"[1.41195919e+02 7.97192357e-02 8.28629679e-02 1.22889784e-02
 1.37035890e-02 1.12986308e-02 7.10232308e+01]"
587,174.8893728578368,268.9671459408683,4.3503339465228965,3.40988938300257,0.21260343201235354,0.16664334152744048,1.2757991412296843,1.68971768483432,756.9620253164557,4078.0,5.387324414715719,file 10,channel 1,1,zstack 7,25,"[6.07115713e+01 2.49579673e-02 3.17278312e-02 9.31296817e-03
 9.11314312e-03 5.71367936e-03 1.66401374e+01]"
588,180.20651061570422,280.233911850682,4.179004900822251,3.5697195561859973,0.2042304786788578,0.17445433805681845,1.1706815717723311,2.1377329233268503,1013.9746835443038,5619.0,5.54155847398382,file 10,channel 1,1,zstack 7,26,"[1.14042101e+02 3.60100071e-02 3.97648560e-02 1.08366958e-02
 1.23184906e-02 8.85300417e-03 3.16017464e+01]"
589,108.99243014160888,289.34614770617833,4.342667025476973,3.9962088922380534,0.21222874497743432,0.19529712798420082,1.0866967024451237,1.911660037030682,1139.828947368421,4438.0,3.8935666708993732,file 10,channel 1,1,zstack 7,27,"[8.28613187e+01 4.05652625e-02 4.36379980e-02 9.68918489e-03
 1.07684548e-02 8.32383728e-03 2.70832864e+01]"
590,230.19455561270917,310.97408064593134,3.806301043781901,3.702616000194173,0.1860162174048807,0.18094906706973907,1.0280031857428074,2.0660024925628058,984.7704918032787,4078.0,4.141066404754374,file 10,channel 1,1,zstack 7,28,"[9.45521304e+01 4.43147617e-02 4.52146403e-02 1.26962678e-02
 1.56300626e-02 1.21908794e-02 2.47929409e+01]"
591,314.89103388074744,348.46522801914483,5.20178779623352,3.744716609338285,0.2542144928812083,0.1830065491168364,1.3891005218557002,0.740109404395743,1423.3684210526317,5547.0,3.897093625203372,file 10,channel 1,1,zstack 7,29,"[1.15441469e+02 5.18912062e-02 4.82096558e-02 8.76234915e-03
 1.20589413e-02 1.02141781e-02 4.24747388e+01]"
592,321.9641462806382,406.58823534827013,4.8354891189175895,3.980377087876755,0.23631325658618843,0.19452341819926572,1.214831914706095,0.9319587553687031,1193.9887640449438,5004.0,4.190994212581753,file 10,channel 1,1,zstack 7,30,"[8.21489386e+01 3.66546114e-02 4.04719410e-02 8.09284635e-03
 8.72312030e-03 6.57350023e-03 3.01465189e+01]"
593,203.22031695249288,430.40625344368226,5.37702923728154,3.7715979783448637,0.262778647324427,0.18432025776041236,1.4256634106165278,1.2153860109978485,1397.7948717948718,5295.0,3.7881094764647614,file 10,channel 1,1,zstack 7,31,"[7.33972308e+01 2.90285828e-02 3.94759595e-02 8.18179947e-03
 7.13999360e-03 4.33455089e-03 2.76857922e+01]"
594,264.1932875492978,430.002980033981,5.502985021334283,3.797942984915327,0.2689341821179854,0.1856077540496904,1.4489382919098688,2.243113512594541,1324.8863636363637,6319.0,4.769465648854961,file 10,channel 1,1,zstack 7,32,"[6.22958175e+01 2.09893706e-02 2.45925636e-02 4.68437990e-03
 5.01463273e-03 3.35476370e-03 2.48535207e+01]"
595,427.5977913231083,436.2949600646114,4.402882707705064,3.5936576591891245,0.21517152152287397,0.17562420752359761,1.2251814516740958,0.8106026050753024,1063.6860465116279,5168.0,4.858576472774577,file 10,channel 1,1,zstack 7,33,"[1.47367812e+02 5.50366700e-02 5.62456500e-02 1.37345624e-02
 1.70363449e-02 1.31411156e-02 4.33599929e+01]"
596,394.15034046682365,438.4505008492081,5.415634417797437,3.743140656891503,0.26466530567572355,0.18292953137452214,1.4468156327031696,0.7493536416879816,1545.9673913043478,5764.0,3.7284098179696126,file 10,channel 1,1,zstack 7,34,"[4.94539094e+01 2.17342651e-02 2.03507830e-02 3.56453960e-03
 4.93593842e-03 4.09174950e-03 1.90201541e+01]"
597,303.2149166002232,439.1915354640082,4.4319833792700445,3.3097743171977294,0.216593688815002,0.16175065815004963,1.339059088180505,2.3158313700442577,1117.25,4449.0,3.982098903557843,file 10,channel 1,1,zstack 7,35,"[9.94800014e+01 4.27622538e-02 4.53672537e-02 1.25743155e-02
 1.56559650e-02 1.11481946e-02 2.70655992e+01]"
598,548.6192998288448,444.20128131208503,5.059591113494366,3.5395922796495927,0.24726525561741633,0.17298199996333843,1.429427661085092,1.01287130935323,1972.4719101123596,6372.0,3.230464255197949,file 10,channel 1,1,zstack 7,36,"[1.29575675e+02 4.40974320e-02 5.52739585e-02 1.29282670e-02
 1.30593346e-02 8.10699461e-03 4.29935542e+01]"
599,118.92396389100722,448.1438985795867,4.233126405060348,3.9449511895990845,0.20687542908683448,0.19279213327986933,1.0730491206636579,0.2700442586618988,844.2241379310345,4066.0,4.816256509751863,file 10,channel 1,1,zstack 7,37,"[4.33534742e+01 2.23163373e-02 2.09092417e-02 4.52382358e-03
 5.85078571e-03 5.17404813e-03 1.35983852e+01]"
600,320.73047978739106,456.37291943735624,4.177719151730003,3.929999956061133,0.20416764334872478,0.1920614575197872,1.0630328749207287,0.9638013273929859,890.9491525423729,4116.0,4.619792261157402,file 10,channel 1,1,zstack 7,38,"[5.83692248e+01 2.79640088e-02 2.89535312e-02 6.74104841e-03
 7.92160168e-03 6.27343845e-03 1.79174262e+01]"
601,212.03588389374713,456.48803375485613,4.267459317747882,3.738035667281059,0.20855329914418588,0.18268004746710045,1.1416315138726085,-0.15849137639195163,1436.5,4826.0,3.3595544726766446,file 10,channel 1,1,zstack 7,39,"[9.43733473e+01 4.65322300e-02 4.08992154e-02 9.04629736e-03
 1.26583832e-02 1.17723276e-02 2.80072252e+01]"
602,393.2318534411748,462.9754925022613,4.353061425796422,3.7189328694626833,0.2127367255620953,0.18174648226793433,1.1705135797262614,0.8421205038165399,1243.1935483870968,5753.0,4.627598017592568,file 10,channel 1,1,zstack 7,40,"[7.18374148e+01 2.46204407e-02 2.57129284e-02 6.15413823e-03
 7.31308389e-03 5.63027019e-03 2.17435428e+01]"
603,406.45311291380136,467.3788535619395,4.50885764426535,3.6126425377373894,0.22035058030249166,0.17655200993723183,1.248077438375418,0.6690130354550259,1186.9041095890411,5139.0,4.329751627348691,file 10,channel 1,1,zstack 7,41,"[7.07439015e+01 2.97472413e-02 2.69725588e-02 5.95056176e-03
 8.29828305e-03 7.27691702e-03 2.13920907e+01]"
604,592.8372201944302,472.0137840092976,4.219527726647965,3.271355164828745,0.2062108535078457,0.15987309110598855,1.289840911195852,1.0435521375540748,944.7045454545455,4456.0,4.716818630163351,file 10,channel 1,1,zstack 7,42,"[5.78905892e+01 2.21946839e-02 2.63899338e-02 8.29250972e-03
 9.01267749e-03 5.83977079e-03 1.48184355e+01]"
605,280.86785128168407,472.78419322011626,4.492884537625154,3.192998341952356,0.2195699649903455,0.15604374612468672,1.4071051896876288,1.0113187142222655,867.4067796610169,4029.0,4.644879535728941,file 10,channel 1,1,zstack 7,43,"[4.29615904e+01 1.85342890e-02 2.29777667e-02 7.06617001e-03
 7.49547224e-03 4.56612057e-03 1.13727631e+01]"
606,376.0770755270921,483.7796958378632,6.084272082174837,3.596244858686337,0.29734202980008184,0.1757506455164436,1.6918403282465435,-0.23188462444652205,1558.5068493150684,5628.0,3.611148711007199,file 10,channel 1,1,zstack 7,44,"[9.85597318e+01 5.70461079e-02 3.45387043e-02 4.22602181e-03
 8.38960482e-03 1.16526409e-02 3.84106780e+01]"
607,234.11253964476248,485.4021984680795,4.586651877567102,4.291534878198131,0.22415243119348857,0.20972988623893865,1.0687672377703898,-0.6920082991623189,1506.808988764045,4972.0,3.2996883062651934,file 10,channel 1,1,zstack 7,45,"[5.74262765e+01 2.95498656e-02 2.87948336e-02 5.22251470e-03
 6.20047730e-03 5.51203587e-03 2.18267956e+01]"
608,313.2388508020273,486.46218284086143,5.010576001756747,3.515577840416809,0.24486985767693964,0.17180839989918184,1.4252496258659686,0.8295680150142828,1137.5483870967741,4211.0,3.70182055353902,file 10,channel 1,1,zstack 7,46,"[4.28833399e+01 2.20169618e-02 2.37922398e-02 5.32002790e-03
 6.46002292e-03 4.53016813e-03 1.40561851e+01]"
609,90.15627376238325,507.23115128489485,5.503654322467868,3.9204963447766943,0.26896689126624834,0.19159701033011847,1.4038157004789524,0.7437780777823494,2045.6266666666668,6141.0,3.0020140527434136,file 10,channel 1,1,zstack 7,47,"[1.57407192e+02 7.99093246e-02 7.44479157e-02 1.20753073e-02
 1.62745845e-02 1.40309812e-02 6.58320930e+01]"
610,375.3537550281331,507.11998001873656,5.511147160421627,3.8524287397345804,0.2693330707559298,0.18827050560227307,1.4305643355784246,0.5721126153177948,1427.375,4732.0,3.315176460285489,file 10,channel 1,1,zstack 7,48,"[6.50733254e+01 4.10735592e-02 3.28635031e-02 4.93648754e-03
 7.65394182e-03 7.79773113e-03 2.59185656e+01]"
611,158.59477778831308,517.6157362745198,4.20466084231452,3.279621003224847,0.2054842999440331,0.16027704759141545,1.2820569322431106,2.217159648426188,1563.2441860465117,4863.0,3.110838372793609,file 10,channel 1,1,zstack 7,49,"[1.28342950e+02 5.38867608e-02 6.08276237e-02 1.86735211e-02
 2.15986046e-02 1.46159869e-02 3.27569260e+01]"
612,416.3036271789729,519.3625116520859,5.9345236825189716,3.9870775185894316,0.2900237355963366,0.19485087227129497,1.4884395035836968,-0.5797221921973836,1567.4021739130435,5220.0,3.330351384525766,file 10,channel 1,1,zstack 7,50,"[9.41917635e+01 5.53249506e-02 4.34700131e-02 5.69127738e-03
 8.98852966e-03 9.38629627e-03 4.22253730e+01]"
613,77.76442319285866,523.1881508163605,5.896895631404147,3.7183986153724096,0.2881848301455627,0.18172037294976356,1.5858696824556435,-0.7026930702522973,3257.858695652174,10595.0,3.2521361390350423,file 10,channel 1,1,zstack 7,51,"[1.60543201e+02 4.65284599e-02 3.96640164e-02 6.06581345e-03
 9.51517380e-03 8.47042354e-03 6.65840725e+01]"
614,533.6437058389034,524.9460245821726,4.1216988241651995,3.625237751218932,0.20142989630467245,0.1771675455825458,1.136945796942377,-0.6321836999782411,908.4666666666667,4755.0,5.2340940779335146,file 10,channel 1,1,zstack 7,52,"[5.06003998e+01 2.02138785e-02 1.89061906e-02 4.71265747e-03
 6.32891182e-03 5.40384307e-03 1.40500683e+01]"
615,146.26923270643363,525.8676204779418,5.2225087865294295,3.9367356212064974,0.2552271401183534,0.1923906335196975,1.3266089697252463,-0.5880524767655072,3565.6739130434785,14502.0,4.067113357435938,file 10,channel 1,1,zstack 7,53,"[1.39487264e+02 2.49754124e-02 2.11092621e-02 3.38158098e-03
 4.85807865e-03 4.81825374e-03 5.49808684e+01]"
616,117.57820856550528,526.5792780735452,5.771541786081887,3.8571344414174416,0.2820587124591815,0.18850047606893167,1.4963289130157797,0.7621551948384454,3371.820224719101,8440.0,2.503099049624782,file 10,channel 1,1,zstack 7,54,"[1.70400162e+02 7.31814456e-02 7.07235510e-02 1.13452706e-02
 1.52707456e-02 1.21831286e-02 7.24682215e+01]"
617,378.3855882759096,527.6473372916078,6.3466752466550345,3.328595710576476,0.31016583000143916,0.16267047094528903,1.9067125594402274,1.3548629839484132,1495.3246753246754,4880.0,3.263505297898211,file 10,channel 1,1,zstack 7,55,"[1.06777560e+02 4.37252568e-02 8.15063347e-02 1.79834739e-02
 1.20408801e-02 5.31058443e-03 3.83067991e+01]"
618,60.00192588504282,531.8724305671545,4.803982856753681,4.016311209271005,0.23477352663711598,0.1962795402875188,1.196118180698862,0.07538665983480128,3117.4347826086955,12098.0,3.880754801188268,file 10,channel 1,1,zstack 7,56,"[2.39304466e+02 5.22257456e-02 4.36762648e-02 7.42450635e-03
 1.04167753e-02 1.08049937e-02 8.81384347e+01]"
619,41.89773815243141,532.4092018221351,4.557490618499774,4.41533897473949,0.22272730295374257,0.21578026677189052,1.0321949559418981,-0.7326666576444654,2507.3372093023254,11778.0,4.697413637185749,file 10,channel 1,1,zstack 7,57,"[1.31028845e+02 2.45829844e-02 2.43919236e-02 4.34239974e-03
 5.01807981e-03 4.41085821e-03 5.08917502e+01]"
620,424.60584780159525,535.4318725242117,5.253078555085343,3.540837565682824,0.2567211030625097,0.1730428578394823,1.4835694825420003,0.8049908623943942,1281.358024691358,5151.0,4.019953752770016,file 10,channel 1,1,zstack 7,58,"[6.13225172e+01 2.75041146e-02 2.76067016e-02 5.58155162e-03
 7.43207561e-03 5.53813430e-03 2.11947156e+01]"
621,506.14256221969725,538.851707863712,4.24919078228687,3.8486903689307774,0.20766050484733548,0.1880878091764829,1.1040614793513144,1.003021507777743,1367.609375,10520.0,7.69225496132622,file 10,channel 1,1,zstack 7,59,"[1.08366354e+02 1.80963383e-02 1.92615683e-02 4.58066933e-03
 5.24792235e-03 4.02860547e-03 3.31892358e+01]"
622,90.21311073788374,542.9342419722244,4.666792766601189,3.088966115802799,0.22806896455911355,0.1509596287692917,1.510794418471089,0.6941294694618909,1384.344262295082,5036.0,3.6378234353721357,file 10,channel 1,1,zstack 7,60,"[1.67718876e+02 7.92321986e-02 6.80812795e-02 1.75440832e-02
 2.82269044e-02 2.38869281e-02 4.46295359e+01]"
623,131.3979636258999,545.553132603102,4.632767986720038,4.42803100242581,0.2264061531370205,0.21640053378552154,1.0462365742656425,-0.30137092358293593,2707.1046511627906,8870.0,3.276563392623201,file 10,channel 1,1,zstack 7,61,"[1.00470747e+02 2.88200287e-02 2.76490206e-02 4.70037584e-03
 5.61744011e-03 5.12390111e-03 3.94852582e+01]"
624,607.596410270178,547.6646342852345,4.525193480472872,3.881915811105184,0.22114892242638462,0.1897115564849057,1.165711391145432,1.247830023275604,1038.8,4620.0,4.447439353099731,file 10,channel 1,1,zstack 7,62,"[6.46328325e+01 2.80262091e-02 3.21249375e-02 7.25039848e-03
 7.57144216e-03 5.46774212e-03 2.12799497e+01]"
625,621.5738191413906,552.1697541765809,4.9560808957191,3.943142816866897,0.24220664912469936,0.19270375701865658,1.2568859729146338,0.7208624756088399,1338.0229885057472,6633.0,4.957313930314068,file 10,channel 1,1,zstack 7,63,"[6.20622009e+01 2.11131096e-02 1.96971960e-02 3.54036635e-03
 4.61982316e-03 4.09617940e-03 2.31510083e+01]"
626,147.57979559736108,553.796048382953,8.613803995852175,3.9942062708598742,0.42096177321366895,0.19519925867502688,2.156574651313086,-0.6627890862265075,2353.8072289156626,5668.0,2.4080136768936256,file 10,channel 1,1,zstack 7,64,"[9.91801181e+01 9.75294032e-02 6.60818675e-02 5.70454555e-03
 1.10504077e-02 9.94805675e-03 5.53940253e+01]"
627,459.58304043565516,555.8364057303951,4.380424201218427,3.4963586376465634,0.21407396082624122,0.17086914592012548,1.252853226797963,1.7901960397480916,989.3518518518518,4682.0,4.732391202620496,file 10,channel 1,1,zstack 7,65,"[5.38061919e+01 1.96710617e-02 2.43614102e-02 6.77733933e-03
 6.78165611e-03 4.38209713e-03 1.52356961e+01]"
628,432.2601993897054,564.3102554387833,4.320833860177115,3.3534836593381097,0.21116174508006944,0.16388675994459678,1.2884612835805305,1.1543811885778175,1047.212765957447,5762.0,5.502224750604441,file 10,channel 1,1,zstack 7,66,"[6.75790077e+01 1.90358841e-02 2.33548964e-02 6.97284228e-03
 7.21989756e-03 4.60145350e-03 1.80890336e+01]"
629,492.354105168728,568.557803253991,5.31606037715798,3.3868652811976543,0.2597990625230096,0.16551813984800634,1.569610815839161,1.463580266925037,1282.6629213483145,4774.0,3.7219443398127146,file 10,channel 1,1,zstack 7,67,"[8.77884362e+01 3.42077546e-02 5.36487968e-02 1.35006968e-02
 1.04397556e-02 5.44515185e-03 2.82001297e+01]"
630,400.15724704107987,570.838736887865,4.7844853568051064,4.092351151597884,0.23382067210785834,0.19999565792525492,1.16912874276123,0.3599496594627433,1431.4827586206898,5047.0,3.525714836316334,file 10,channel 1,1,zstack 7,68,"[5.77849469e+01 3.01870876e-02 2.63757297e-02 4.52663916e-03
 6.06648187e-03 6.01428041e-03 2.17409091e+01]"
631,451.65557502256564,81.29306824133198,6.006056646265304,3.4290952052291126,0.2935195944847424,0.16758194159129206,1.7514989485000356,1.1225220208234128,1203.65,4854.0,4.032733768121962,file 11,channel 1,1,zstack 7,0,"[7.35441953e+01 2.89736808e-02 4.46386760e-02 9.57686423e-03
 8.18068506e-03 4.07799640e-03 2.66277269e+01]"
632,340.1490476257079,113.97890312647371,4.950072062571663,3.7285367987740425,0.2419129938409353,0.18221583205981204,1.3276178645197403,1.1952700717352156,840.4647887323944,4272.0,5.082901814891157,file 11,channel 1,1,zstack 7,1,"[5.40835524e+01 2.37356747e-02 3.01630853e-02 6.79065452e-03
 6.40599008e-03 4.12607446e-03 1.86876417e+01]"
633,274.2076101971444,150.21310272233194,4.381118530005632,3.7493689711751745,0.21410789309096373,0.18323391283319582,1.1684949023921876,0.7613155548994921,994.125,5597.0,5.63007670061612,file 11,channel 1,1,zstack 7,2,"[6.39457739e+01 2.24840568e-02 2.21488636e-02 5.04869792e-03
 6.35520494e-03 5.20721174e-03 1.96603883e+01]"
634,350.50932832016764,158.11790260752744,4.251168975480106,3.9637817272088305,0.20775718033644397,0.1937123929591681,1.072503298125259,2.081707714992594,1099.6404494382023,5381.0,4.893417664609474,file 11,channel 1,1,zstack 7,3,"[8.50298940e+01 3.17509329e-02 3.33639485e-02 7.57101393e-03
 8.71445519e-03 6.84421700e-03 2.68403979e+01]"
635,429.3258963882761,180.94768634983737,4.073153374813414,3.849624502942596,0.19905745104698808,0.18813346086651714,1.0580651104282912,0.7137068652610281,887.7910447761194,5350.0,6.0261927978211896,file 11,channel 1,1,zstack 7,4,"[9.65113796e+01 3.29049686e-02 3.22995228e-02 7.74982642e-03
 9.72602852e-03 8.05457059e-03 2.82316297e+01]"
636,379.3616422840218,191.17738022056466,5.282324140397516,3.780284056859701,0.25815035237647277,0.18474475163276421,1.397335242787434,0.8592345317103494,1123.8369565217392,3777.0,3.360807791629994,file 11,channel 1,1,zstack 7,6,"[3.92278160e+01 2.45184315e-02 2.73494849e-02 5.33537059e-03
 6.01514235e-03 4.24285055e-03 1.48861740e+01]"
637,464.0881778774934,201.3750394380125,4.429384353988446,4.239293217884311,0.21646667288897262,0.2071768049322452,1.044840289721456,2.0741892190274642,757.7411764705882,4126.0,5.4451310396224075,file 11,channel 1,1,zstack 7,7,"[3.89547717e+01 1.90783405e-02 1.96936287e-02 3.89395829e-03
 4.40527264e-03 3.64119362e-03 1.39842158e+01]"
638,349.9859533344715,209.91557222995445,4.86594514694796,4.73897367420172,0.23780166096256894,0.23159648885271522,1.0267930318831384,2.25825019163569,1426.5217391304348,4678.0,3.2793050899116123,file 11,channel 1,1,zstack 7,8,"[4.45379116e+01 2.53414805e-02 2.56165012e-02 4.00044545e-03
 4.25672266e-03 3.90792657e-03 2.10079153e+01]"
639,383.0177630429118,209.97333219887503,4.743046497106186,4.15325077458648,0.2317955301534779,0.202971859066315,1.1420082134526126,1.025021203097763,1334.5978260869565,5020.0,3.7614327716377676,file 11,channel 1,1,zstack 7,9,"[4.61011423e+01 2.13314788e-02 2.32962745e-02 4.50784174e-03
 4.77098737e-03 3.74193944e-03 1.75709485e+01]"
640,328.2591554621062,213.8142481755609,4.60459180838189,3.4833106225774935,0.22502916638397585,0.17023148158935603,1.3219010037567938,0.9582317158203186,765.8679245283018,3505.0,4.576507107486882,file 11,channel 1,1,zstack 7,10,"[4.81767983e+01 2.51878185e-02 2.93616210e-02 7.56782914e-03
 8.26879015e-03 5.52602753e-03 1.43371206e+01]"
641,297.48542707672084,230.62233506420307,3.9551960958161083,3.7332315356698484,0.1932928079979849,0.1824452666707437,1.0594564141081149,0.18733393454125247,632.8730158730159,3256.0,5.144791954051817,file 11,channel 1,1,zstack 7,11,"[3.94591996e+01 2.20134471e-02 2.08209821e-02 5.28124353e-03
 6.97004207e-03 5.91767790e-03 1.08041913e+01]"
642,418.55113341753747,231.46704365906308,4.691527669059722,4.199958416160519,0.2292777740936961,0.20525448955443662,1.1170414571267544,1.2904145758020893,1247.1777777777777,4904.0,3.932077757782015,file 11,channel 1,1,zstack 7,12,"[7.01342371e+01 3.15316784e-02 3.49273237e-02 6.74518856e-03
 7.02838075e-03 5.44787119e-03 2.63759619e+01]"
643,260.1789694597881,232.00622006910447,4.6534549925256945,3.8427282420301996,0.22741713953172182,0.1877964364550464,1.2109768631640654,0.9655530904459243,1100.8235294117646,4187.0,3.8035160842150266,file 11,channel 1,1,zstack 7,13,"[5.65356722e+01 2.94529185e-02 3.28344594e-02 7.20340285e-03
 7.81816464e-03 5.74622226e-03 1.90987097e+01]"
644,250.15694545725765,239.09252350923248,4.53109679652193,3.412352226032943,0.2214374210261959,0.16676370214508535,1.3278514339621945,1.3632594223587948,881.8490566037735,4688.0,5.316102528991399,file 11,channel 1,1,zstack 7,14,"[5.68248790e+01 2.00127178e-02 2.62268550e-02 7.41889981e-03
 7.01395816e-03 4.27132712e-03 1.61919971e+01]"
645,460.1691817461354,240.84702356156578,5.3175436325406364,3.728808223932577,0.2598715501041424,0.18222909677027985,1.4260705601352983,2.3244471151795514,1575.120481927711,7208.0,4.576157876620645,file 11,channel 1,1,zstack 7,15,"[6.44348225e+01 1.99170118e-02 2.10357978e-02 4.04594521e-03
 4.91456192e-03 3.60668569e-03 2.43342464e+01]"
646,386.46651568745744,255.80145355745367,5.180002846536785,3.590307674310685,0.25314984930931783,0.17546049175117628,1.4427740785561811,0.8334601668775974,1776.7241379310344,5168.0,2.9087239204269775,file 11,channel 1,1,zstack 7,16,"[1.23156888e+02 6.25863334e-02 6.81943468e-02 1.43390876e-02
 1.71934671e-02 1.20051114e-02 4.27988003e+01]"
647,433.55420962530866,257.109254086533,4.59001011233769,3.49834606434996,0.2243165501430926,0.17096627265641956,1.3120514745846263,1.3608045974587648,823.9850746268656,3977.0,4.826543735395874,file 11,channel 1,1,zstack 7,17,"[4.92127925e+01 2.16481150e-02 2.80431873e-02 7.51373524e-03
 7.12511275e-03 4.42431406e-03 1.45776226e+01]"
648,310.9112703657001,276.3306999420866,6.767000612943342,3.3977831857687084,0.33070738302547054,0.16605170439976788,1.9915928247824288,1.2517332506991221,1680.780487804878,5603.0,3.3335703505920593,file 11,channel 1,1,zstack 7,18,"[1.19853404e+02 4.64930228e-02 8.68861619e-02 1.71199771e-02
 1.20997495e-02 5.26256406e-03 4.60168547e+01]"
649,328.4178853691516,280.5409195119632,5.176259848622819,3.9734120278256415,0.2529669267538758,0.19418303153257718,1.302724160588855,1.634351251459094,1094.5,3890.0,3.554134307903152,file 11,channel 1,1,zstack 7,19,"[4.05418035e+01 2.27343662e-02 2.96862268e-02 5.90017062e-03
 5.15534393e-03 3.39383472e-03 1.57018258e+01]"
650,357.11110196603363,281.3801662003019,4.391544364689127,3.911001729557485,0.21461740989186956,0.19113300278355896,1.1228694509388553,1.650263500436807,667.8518518518518,3627.0,5.430845164152617,file 11,channel 1,1,zstack 7,20,"[3.11558990e+01 1.61795838e-02 1.81596969e-02 4.16930203e-03
 4.44861088e-03 3.28229842e-03 1.00340410e+01]"
651,296.03195458914007,283.82324814588134,4.319882044434293,4.139797188908508,0.21111522927322454,0.2023143742563741,1.0435008884030055,1.7426029702410781,656.829268292683,3579.0,5.448904567396955,file 11,channel 1,1,zstack 7,21,"[3.55807605e+01 1.98751589e-02 2.07145953e-02 4.36614036e-03
 4.95586882e-03 4.00493584e-03 1.20843324e+01]"
652,280.9475604907049,285.2882920152474,4.857130380490234,3.8906431325921433,0.23737087803318074,0.1901380659260684,1.2484132352828174,1.4566580968980138,925.1466666666666,3826.0,4.135560487706454,file 11,channel 1,1,zstack 7,22,"[4.75509023e+01 2.50595634e-02 3.12778930e-02 6.70665104e-03
 6.31098309e-03 4.25277152e-03 1.67072252e+01]"
653,323.987542791406,306.23570120099055,5.722728555813611,3.838106460217439,0.27967318058732615,0.18757056720282714,1.4910291351036165,2.109754716726708,1221.2666666666667,4385.0,3.5905344178175667,file 11,channel 1,1,zstack 7,23,"[4.55825531e+01 2.37177072e-02 3.09167056e-02 5.81616057e-03
 5.44108024e-03 3.34253063e-03 1.89587617e+01]"
654,416.39093622543703,334.5791033495138,4.3932842375934005,4.112394741388243,0.21470243852536322,0.20097520019296614,1.0683031454588272,0.8365868889113238,1171.0652173913043,4554.0,3.888767194490338,file 11,channel 1,1,zstack 7,24,"[5.24162324e+01 2.56028782e-02 2.60416168e-02 5.33765403e-03
 6.24122836e-03 5.15197420e-03 1.78890961e+01]"
655,481.3353764104677,366.35759419119023,4.495755783743437,3.952211795719987,0.21971028451211164,0.19314696346044144,1.137529063754143,0.8064784168037958,986.8823529411765,3776.0,3.826190618108124,file 11,channel 1,1,zstack 7,25,"[5.73283976e+01 3.37887385e-02 3.40257839e-02 7.07413233e-03
 8.52487376e-03 6.98127326e-03 1.90653124e+01]"
656,414.02526567883484,367.9053731804218,4.573432381752826,3.7537999907767077,0.2235063864957397,0.18345045942161414,1.2183473794528212,1.3004033565955064,1118.3478260869565,4715.0,4.216040743332556,file 11,channel 1,1,zstack 7,26,"[6.36894634e+01 2.74130981e-02 3.28933137e-02 7.83084450e-03
 7.84956629e-03 5.37255081e-03 2.04572986e+01]"
657,276.3706576813831,379.48399459441646,5.227991648987706,3.052376254646195,0.2554950908987326,0.14917146028513034,1.7127612105584569,1.5411218763802825,791.1428571428571,3431.0,4.336764174792344,file 11,channel 1,1,zstack 7,27,"[4.21173745e+01 1.83402585e-02 3.15219197e-02 9.63910941e-03
 6.98196480e-03 3.24563810e-03 1.18849283e+01]"
658,420.886140805281,388.568723008358,5.5890680214940165,3.60121582121678,0.27314111002210817,0.17599357943999253,1.5519947425993426,1.9697019086134024,871.2658227848101,3385.0,3.885151823332849,file 11,channel 1,1,zstack 7,28,"[4.27966550e+01 2.56523605e-02 3.68899845e-02 7.90172858e-03
 6.78636474e-03 3.77879613e-03 1.56476649e+01]"
659,309.00585336071407,390.1399589180721,4.38810553380627,4.250759226697648,0.21444935216186706,0.20773715566742212,1.0323110060541643,0.757946795878886,2012.5760869565217,7924.0,3.937242448300631,file 11,channel 1,1,zstack 7,29,"[6.06418962e+01 1.75391208e-02 1.74679031e-02 3.41923046e-03
 4.01799526e-03 3.44814831e-03 2.16837171e+01]"
660,448.0835698835771,393.392743010516,4.604729345116717,4.238846000756722,0.22503588788678724,0.20715494916269997,1.0863167343882456,0.8336348567690371,1159.2417582417581,5004.0,4.3166146875088875,file 11,channel 1,1,zstack 7,30,"[4.77035361e+01 2.13534363e-02 2.17948679e-02 4.09835135e-03
 4.66002425e-03 3.92332061e-03 1.79408572e+01]"
661,297.79731415666396,401.5563288686917,4.2674095199433735,3.7501622712907374,0.20855086549557975,0.18327268188615994,1.1379266312320424,-0.5391419891186076,1004.6,4134.0,4.115070674895481,file 11,channel 1,1,zstack 7,31,"[8.95254500e+01 4.66924522e-02 4.28194744e-02 9.66816935e-03
 1.30286205e-02 1.15388084e-02 2.66870730e+01]"
662,315.55069894495,401.76156349588086,6.282100724559981,3.5972584544243427,0.30701003433454815,0.17580018054874733,1.746357901204873,0.6241037166180082,1405.5168539325844,4679.0,3.3290244701857046,file 11,channel 1,1,zstack 7,32,"[5.09128016e+01 3.54298498e-02 2.65850438e-02 3.67376986e-03
 6.70950009e-03 6.57993907e-03 2.09666110e+01]"
663,338.07924471541867,411.1861352745305,4.552222967939999,3.9081153223061156,0.22246986970806149,0.19099194232811578,1.1648128554338069,2.3252599479670684,1394.6049382716049,3996.0,2.865327585138497,file 11,channel 1,1,zstack 7,33,"[8.18654327e+01 5.29355064e-02 5.41866098e-02 1.14363606e-02
 1.35364862e-02 1.08919446e-02 2.75798368e+01]"
664,277.9346074430093,417.3231914649241,4.536413564317951,3.629160169407661,0.2216972546607035,0.17735923651454377,1.249989901949786,0.5438309112057982,1073.9130434782608,3491.0,3.2507287449392717,file 11,channel 1,1,zstack 7,34,"[7.57007071e+01 5.58963437e-02 4.82436550e-02 1.02014529e-02
 1.47985483e-02 1.37799671e-02 2.31213293e+01]"
665,423.6012904702462,421.6761560751324,4.205035310207271,3.8905363194320666,0.20550260041479146,0.19013284590280227,1.080836924514591,0.6938809842251151,1047.5205479452054,3705.0,3.536923459179537,file 11,channel 1,1,zstack 7,35,"[7.52672618e+01 4.68730700e-02 4.54877002e-02 1.02786096e-02
 1.29607858e-02 1.09356262e-02 2.29944246e+01]"
666,298.8033863755511,422.684950814918,4.185513655265153,3.603522416499631,0.20454856541649608,0.17610630413640108,1.1615062073988298,2.051407617116312,824.082191780822,3334.0,4.045712955882841,file 11,channel 1,1,zstack 7,36,"[5.76822957e+01 3.33284729e-02 3.72511862e-02 1.00575411e-02
 1.12260682e-02 8.01344489e-03 1.61529162e+01]"
667,290.39478850086107,445.3114325674888,4.31879750003046,3.854578261875098,0.21106222693702248,0.18837555403990527,1.1204332112664221,0.8406722472617489,1038.621212121212,4045.0,3.894586354286715,file 11,channel 1,1,zstack 7,37,"[7.82951838e+01 4.03500131e-02 4.16252253e-02 9.49798642e-03
 1.12934754e-02 8.89854558e-03 2.42024700e+01]"
668,403.21241117266635,460.50628011430103,4.8017362907013945,3.8008424980264217,0.2346637356052481,0.18574945499636744,1.2633347193930515,0.8570245755454443,1299.5857142857142,4383.0,3.372613250376494,file 11,channel 1,1,zstack 7,38,"[9.31780612e+01 5.26875047e-02 5.68550502e-02 1.19924214e-02
 1.37101355e-02 1.02322282e-02 3.19751957e+01]"
669,334.26251781973303,463.73826860850704,4.234806406352843,3.907229219593819,0.20695753175871212,0.19094863795652833,1.08383874309608,0.9204205048689029,719.1594202898551,3735.0,5.193563338841643,file 11,channel 1,1,zstack 7,39,"[4.39709417e+01 2.23641167e-02 2.32576658e-02 5.38080222e-03
 6.29286659e-03 4.96362487e-03 1.36289537e+01]"
670,462.0794837183187,468.8890524884205,4.195053505116947,3.9494796649430812,0.20501478360670997,0.19301344258893663,1.0621787832847103,1.5115126514278252,684.6619718309859,3846.0,5.617370553989838,file 11,channel 1,1,zstack 7,40,"[3.61016101e+01 1.77456932e-02 1.88462705e-02 4.40033809e-03
 5.00787770e-03 3.88689042e-03 1.12274796e+01]"
671,391.76167818233256,476.583051967086,6.616579872618597,3.5376705656533036,0.3233562311295476,0.1728880846464962,1.8703210911886334,-0.1946722796749744,1447.8082191780823,4904.0,3.387188948812565,file 11,channel 1,1,zstack 7,41,"[5.95084431e+01 4.09870678e-02 2.21035384e-02 2.38360248e-03
 5.17551160e-03 7.92008460e-03 2.37421318e+01]"
672,517.0312445479051,483.16869531243714,5.406142801071111,4.2363213979436045,0.2642014446673116,0.20703157030739025,1.2761408526971918,1.5058594207747442,1169.2906976744187,3647.0,3.1189848745512583,file 11,channel 1,1,zstack 7,42,"[4.39510434e+01 2.99697725e-02 3.83530930e-02 6.77542070e-03
 5.72841506e-03 4.01198932e-03 1.98004122e+01]"
673,245.35786411707997,495.2485775729862,4.236049575133572,3.751133224502345,0.207018286163455,0.18332013295259503,1.1292719617271285,1.9834145126719154,809.0588235294117,3763.0,4.651083321215647,file 11,channel 1,1,zstack 7,43,"[5.17310901e+01 2.60356223e-02 2.87477122e-02 7.21016835e-03
 8.02009379e-03 5.88659779e-03 1.53075245e+01]"
674,315.6708393345015,497.5970870173843,4.05519893213423,3.5429766122966173,0.1981800066529745,0.17314739433183374,1.1445740053885316,1.6104534220601616,649.4666666666667,3235.0,4.981010059536029,file 11,channel 1,1,zstack 7,44,"[4.43827356e+01 2.25241242e-02 2.57771295e-02 7.47473944e-03
 8.17171564e-03 5.68199378e-03 1.18128618e+01]"
675,228.75420521049642,525.8757654148599,4.064554130952323,3.6898672227193594,0.19863720083630246,0.1803260266598704,1.1015448214304109,1.700339017365554,611.1475409836065,3650.0,5.972371244635194,file 11,channel 1,1,zstack 7,46,"[3.86049121e+01 1.82813539e-02 2.01042196e-02 5.41166286e-03
 6.09760762e-03 4.45926694e-03 1.07681385e+01]"
676,486.83545658173614,528.0194478812423,4.529076139689664,4.126570964032276,0.2213386703135518,0.20166800070532717,1.097539865221191,0.5987874212946916,840.3563218390805,3405.0,4.051852662390065,file 11,channel 1,1,zstack 7,47,"[5.03619317e+01 3.48737773e-02 3.30321157e-02 6.27695906e-03
 7.81411703e-03 7.03418137e-03 1.80175958e+01]"
677,220.47103109101064,537.2853183858512,5.425162105750214,4.023530631577042,0.2651309295066302,0.1966323577903307,1.3483585941096206,-0.3334305005830195,1010.7303370786517,4910.0,4.857873381135012,file 11,channel 1,1,zstack 7,48,"[6.08423221e+01 3.26617135e-02 2.50030266e-02 3.50222446e-03
 5.33203437e-03 6.08578589e-03 2.52108922e+01]"
678,261.29173786533255,546.8765058145315,4.530281993752726,3.8913318997729087,0.22139760112563758,0.1901717263917449,1.164198302904233,1.5857483445423404,1195.388888888889,4673.0,3.909188083840684,file 11,channel 1,1,zstack 7,49,"[7.70399835e+01 3.49016425e-02 4.06443707e-02 9.21489826e-03
 9.39843194e-03 6.72069562e-03 2.55447865e+01]"
679,344.05968217833106,550.4376091329359,4.614433650419038,3.6440405155093094,0.2255101431136114,0.17808644796305126,1.2662959236538844,1.9551335665258491,807.9230769230769,3345.0,4.140245644101685,file 11,channel 1,1,zstack 7,50,"[4.36262064e+01 2.45830502e-02 2.99778846e-02 7.37088124e-03
 7.40739387e-03 4.90205789e-03 1.35610881e+01]"
680,382.6046584150065,560.2262793009189,5.775036505793944,3.6062079988604965,0.282229501509824,0.17623755015886522,1.6014152560303683,0.5104508857651804,1419.6857142857143,6744.0,4.750347159331039,file 11,channel 1,1,zstack 7,51,"[8.62728437e+01 3.37864628e-02 2.43033330e-02 3.54065598e-03
 6.34039282e-03 6.89817855e-03 3.26854226e+01]"
681,334.65488712983955,571.9018108457494,4.602707731594169,4.23555511373172,0.22493709042011462,0.20699412153785987,1.0866834707621054,1.3501951782317474,1052.2934782608695,5829.0,5.539329208457717,file 11,channel 1,1,zstack 7,52,"[4.63451625e+01 1.59420250e-02 1.72544037e-02 3.34900214e-03
 3.56243699e-03 2.83648890e-03 1.74039235e+01]"
682,589.5961145527034,592.1568694736684,4.474374002808594,3.616711001568599,0.21866534403968715,0.17675083820746718,1.2371389366935925,2.2064826448051797,1195.7282608695652,5741.0,4.801258101757161,file 11,channel 1,1,zstack 7,53,"[1.21952546e+02 3.99950355e-02 4.45866569e-02 1.10344991e-02
 1.24132567e-02 8.84116634e-03 3.66507329e+01]"
683,361.937533222176,599.2330192626024,4.300094029593484,4.072753805611998,0.2101481771067512,0.19903792386020389,1.0558197806280913,1.1588807937566061,1482.3333333333333,4317.0,2.912300427254329,file 11,channel 1,1,zstack 7,54,"[8.41352450e+01 5.01781731e-02 5.24579113e-02 1.13554045e-02
 1.29443440e-02 1.03517483e-02 2.78596158e+01]"
684,332.4228266287324,612.2988620960285,5.409690336290755,3.8043119750962084,0.2643748148435216,0.18591901042392592,1.4219891459227518,1.59884199865672,1461.358695652174,6582.0,4.504027669307152,file 11,channel 1,1,zstack 7,55,"[5.39606969e+01 1.52867192e-02 2.18297983e-02 4.51232271e-03
 3.62201225e-03 2.16247495e-03 2.05728850e+01]"
685,505.49581949255537,617.8838574391253,5.467039519974986,3.5134523142055665,0.26717750388400774,0.17170452415702103,1.556030659038886,2.3197117635099933,1255.0833333333333,3810.0,3.0356550029878497,file 11,channel 1,1,zstack 7,56,"[5.77953676e+01 4.05480482e-02 4.38508435e-02 8.94408756e-03
 1.11902865e-02 7.60054280e-03 2.06954538e+01]"
686,493.6652216804688,621.5513100731397,5.091467825094016,3.7899905334067143,0.24882308965284028,0.18521911296962015,1.3433985600268612,1.5300023210936182,1709.433734939759,8874.0,5.191192743316677,file 11,channel 1,1,zstack 7,57,"[9.46180935e+01 1.90933930e-02 2.57109430e-02 5.58518123e-03
 4.83512216e-03 3.02306573e-03 3.38794959e+01]"
687,441.3588936363292,641.8062049883598,5.738167151210023,3.6699072660837166,0.28042767401405505,0.17935057159464554,1.5635727922175584,-0.6450966376178114,1026.12,4697.0,4.577437336763732,file 11,channel 1,1,zstack 7,58,"[6.19800910e+01 3.39313410e-02 2.73660292e-02 4.22191449e-03
 6.90596419e-03 6.59752714e-03 2.44046295e+01]"
688,336.28302265600024,22.904469962217192,6.207601475285273,3.8456104138522926,0.30336921129134103,0.1879372899225178,1.6142044583936117,-0.47562611626109463,2505.378048780488,8755.0,3.4944826008440377,file 12,channel 1,1,zstack 7,0,"[1.11092955e+02 4.00331266e-02 2.78114997e-02 3.41072395e-03
 6.04571243e-03 6.99505458e-03 4.85924132e+01]"
689,340.1476197410251,174.01182445702767,5.275826368600692,3.9586828033257886,0.2578328023673425,0.19346320548748652,1.3327226834563097,1.1741166060653414,911.6111111111111,4198.0,4.605033822902066,file 12,channel 1,1,zstack 7,1,"[4.81949011e+01 2.28727691e-02 2.90364397e-02 5.67070034e-03
 5.16647758e-03 3.43048291e-03 1.92623440e+01]"
690,364.9056015148872,174.77472195525834,4.4697447072835885,3.851019262439146,0.21843910758783905,0.1882016236005609,1.1606653726402179,0.9025645033329224,800.6125,4602.0,5.748099111617668,file 12,channel 1,1,zstack 7,2,"[4.55694123e+01 1.91767501e-02 2.04961109e-02 4.59911802e-03
 5.23202892e-03 4.00624709e-03 1.47619921e+01]"
691,376.0330488606223,203.94588099952597,4.485502806120847,4.139237542454262,0.21920921533955975,0.2022870239981298,1.0836543590734045,2.3291619407934747,936.445652173913,4469.0,4.772300442236486,file 12,channel 1,1,zstack 7,3,"[5.74280660e+01 2.73608921e-02 2.76366066e-02 5.48796733e-03
 6.39844333e-03 5.37376969e-03 2.04150481e+01]"
692,338.36361880844856,221.41035237781344,5.823677932770167,3.7465402070230205,0.2846066372516419,0.18309566943062158,1.5544149030760377,1.6313928248266558,1225.407894736842,5615.0,4.582147727394745,file 12,channel 1,1,zstack 7,4,"[8.16118778e+01 2.62492242e-02 4.12516789e-02 8.18490782e-03
 6.00627027e-03 3.31524429e-03 3.21138280e+01]"
693,369.3799157873179,224.04659889036438,5.169482093795679,3.6522795393909933,0.2526356938059454,0.17848909400705845,1.4154124945917133,1.4668551185852707,930.890243902439,5374.0,5.772968440910223,file 12,channel 1,1,zstack 7,5,"[5.32988725e+01 1.71529452e-02 2.42292601e-02 5.53630895e-03
 4.60967646e-03 2.71168840e-03 1.85515797e+01]"
694,318.50994275538136,244.97870317214853,6.563206026692692,3.619764735219202,0.32074781923219986,0.17690007600450774,1.8131581765065303,0.5524574430563552,1482.661971830986,6534.0,4.406938414917972,file 12,channel 1,1,zstack 7,6,"[1.77283434e+02 9.09513005e-02 6.23137573e-02 7.72539745e-03
 1.51572491e-02 1.63925219e-02 7.53893465e+01]"
695,446.05289746936114,249.15116315801,5.420973679045188,4.325619384170907,0.26492623857872283,0.21139561651099048,1.2532248442575877,0.19617446849702175,1429.280487804878,5069.0,3.546539705292617,file 12,channel 1,1,zstack 7,7,"[9.63046037e+01 5.61443718e-02 4.50617677e-02 5.98257949e-03
 8.24929124e-03 9.57497970e-03 4.50313617e+01]"
696,331.39686960359774,255.80679516958799,4.68285917744465,3.7061129972698548,0.22885413970369536,0.1811199674165093,1.2635500269134603,1.2293590801795742,903.3461538461538,5517.0,6.107293396346916,file 12,channel 1,1,zstack 7,8,"[6.01275731e+01 1.86222259e-02 2.28470578e-02 5.42455914e-03
 5.34847320e-03 3.55755045e-03 1.94407280e+01]"
697,399.83246565534216,268.15380719643593,5.577809685047528,3.787652958879385,0.2725909083601906,0.18510487429893324,1.4726295533415974,1.148755831150478,2009.0843373493976,5616.0,2.7953032610911883,file 12,channel 1,1,zstack 7,9,"[9.23929925e+01 4.20612761e-02 5.73903806e-02 1.14440270e-02
 1.00166269e-02 5.99053304e-03 3.65602072e+01]"
698,370.7536240189787,296.994833059001,4.909661523917373,4.34876566822111,0.2399381065534348,0.21252678931011298,1.1289781741506668,0.5424366875540996,1915.4444444444443,9919.0,5.178432623702071,file 12,channel 1,1,zstack 7,10,"[1.04262596e+02 2.42742368e-02 2.23727042e-02 3.59125247e-03
 4.41593671e-03 4.27454710e-03 4.39788233e+01]"
699,374.5669359636578,316.92220138269516,4.608923060445707,3.7837647487311807,0.22524083727292313,0.18491485513441505,1.2180786508968955,2.1338724258388084,1428.2142857142858,5634.0,3.944786196549137,file 12,channel 1,1,zstack 7,12,"[8.12875365e+01 3.04890532e-02 3.45517746e-02 7.85873934e-03
 8.45179847e-03 6.07044177e-03 2.65840294e+01]"
700,291.6965428195489,320.9106053016335,6.694840888549254,2.98232233726712,0.3271808939678867,0.14574788328074764,2.244841479705422,1.722304808787009,1286.551724137931,5061.0,3.933771106941839,file 12,channel 1,1,zstack 7,13,"[5.99218616e+01 1.77536765e-02 3.96698017e-02 9.98374188e-03
 5.78092154e-03 2.14370150e-03 1.93407063e+01]"
701,513.8581745192795,321.2549133735051,4.420071055791986,3.522796062775136,0.216011526414182,0.17216115875982865,1.2547053468403189,1.1972748494997782,721.7307692307693,5891.0,8.16232347455369,file 12,channel 1,1,zstack 7,14,"[6.33039895e+01 1.71197986e-02 2.07481966e-02 5.60808142e-03
 5.75263345e-03 3.78507268e-03 1.82539381e+01]"
702,471.81989653419436,324.0281667128349,6.798522997790936,4.245742974219859,0.3322479008997752,0.20749200839695323,1.6012563735184986,0.6440028423750792,2275.511111111111,7201.0,3.1645637610109576,file 12,channel 1,1,zstack 7,15,"[1.73451244e+02 8.78870756e-02 6.77097281e-02 7.41466916e-03
 1.15454282e-02 1.14221219e-02 9.31084736e+01]"
703,461.19054639160174,331.90335528212756,5.169150261765603,3.898324740492386,0.2526194769753956,0.19051347071637656,1.3259927291518312,1.2045122797684131,1349.1645569620252,6109.0,4.5279873151692565,file 12,channel 1,1,zstack 7,16,"[7.49810841e+01 2.49400346e-02 3.17581282e-02 6.45881573e-03
 5.91255346e-03 3.89069857e-03 2.86827580e+01]"
704,494.3514497987465,336.283509607575,6.534920451157404,3.670826444494535,0.3193654861724463,0.1793954923954792,1.7802313865746517,0.7556512521197672,1563.9615384615386,4333.0,2.770528490273713,file 12,channel 1,1,zstack 7,17,"[7.56917222e+01 5.98646933e-02 5.53337849e-02 8.07380993e-03
 1.24752522e-02 9.45009800e-03 3.28929535e+01]"
705,336.17441942890315,357.7229393995635,4.8544323447506095,3.495526530739931,0.23723902340661934,0.17082848035598122,1.3887556858917691,1.9681542819231281,867.1304347826087,4101.0,4.729392298435619,file 12,channel 1,1,zstack 7,18,"[4.47564162e+01 1.95529911e-02 2.56212999e-02 6.48530846e-03
 6.14182726e-03 3.72080549e-03 1.39937347e+01]"
706,305.9351293101046,367.39277444185643,5.157396805692277,3.7382982365243547,0.2520450785200327,0.18269287938367323,1.3796108494776798,1.1447065046347389,776.4615384615385,3745.0,4.823162274618586,file 12,channel 1,1,zstack 7,20,"[3.83718650e+01 1.91492740e-02 2.47714807e-02 5.34128379e-03
 4.97403946e-03 3.13201605e-03 1.38027101e+01]"
707,288.7497008727825,372.5559185378555,5.471818483853535,3.686038651543468,0.26741105471815796,0.1801389220877378,1.4844712714996358,1.9917871077351603,1087.6404494382023,4962.0,4.562169421487603,file 12,channel 1,1,zstack 7,21,"[5.84246229e+01 2.25160273e-02 3.09385921e-02 6.49912073e-03
 5.76229558e-03 3.38123297e-03 2.17306175e+01]"
708,551.9023335415126,388.7714634091897,4.883753511549159,3.486528483492259,0.23867196643320257,0.17038874038434218,1.400749638120661,1.891010580137421,1227.3623188405797,5388.0,4.389901757037597,file 12,channel 1,1,zstack 7,22,"[6.04458391e+01 2.04529492e-02 2.75783215e-02 7.03088077e-03
 6.41355209e-03 3.80411798e-03 1.89274191e+01]"
709,264.35733974515335,395.4829659041683,5.3144688974576875,3.853882971749591,0.2597212859544934,0.18834157479400274,1.3789907312740786,1.7818077949096836,1679.557142857143,8589.0,5.113848038173328,file 12,channel 1,1,zstack 7,23,"[1.04559311e+02 2.21973444e-02 3.02617286e-02 6.16490707e-03
 5.23900979e-03 3.25596674e-03 3.98643058e+01]"
710,584.4118557145956,396.7329650880042,6.534272679772114,3.2011129794291566,0.3193338291959095,0.15644031333040267,2.0412502531970453,1.5413186054830625,925.6794871794872,4236.0,4.576097946068723,file 12,channel 1,1,zstack 7,24,"[6.76421499e+01 2.47815924e-02 5.23011079e-02 1.18418465e-02
 7.04335064e-03 2.93491105e-03 2.31654322e+01]"
711,297.73597454103566,415.6744975980006,5.501451025821519,4.597289435911183,0.26885921483622865,0.22467229505681122,1.1966727573964746,0.7434312006791962,2309.68,7343.0,3.1792282913650376,file 12,channel 1,1,zstack 7,25,"[1.35848914e+02 5.22428504e-02 5.01632723e-02 6.77258952e-03
 7.82288199e-03 7.34252790e-03 6.78519500e+01]"
712,571.7978152591711,416.09677805840545,4.742258576433224,3.4514963655645996,0.23175702399710363,0.16867669974708607,1.373971771706467,1.2015205955660415,895.4722222222222,3865.0,4.31615845146881,file 12,channel 1,1,zstack 7,26,"[9.45894969e+01 4.43816785e-02 5.80967877e-02 1.53603692e-02
 1.45973901e-02 8.84116814e-03 2.85390011e+01]"
713,537.5899100976835,417.31769230256356,5.4931412966879805,3.459579423674734,0.26845311338411015,0.16907172365019205,1.5878060954742341,0.939093437775787,1186.3846153846155,5259.0,4.43279517603579,file 12,channel 1,1,zstack 7,27,"[6.42057462e+01 2.32745123e-02 2.94079029e-02 6.47345310e-03
 6.84555199e-03 4.02566347e-03 2.21835328e+01]"
714,265.14153586757607,435.38781639059755,3.961557870305903,3.6936342732782124,0.1936037117370645,0.18051012468250988,1.0725365797491098,1.534026723742448,1170.5245901639344,4970.0,4.245959496932859,file 12,channel 1,1,zstack 7,28,"[9.12436385e+01 3.46091231e-02 3.71204843e-02 1.01721345e-02
 1.18263329e-02 8.80897719e-03 2.47304830e+01]"
715,533.7796690702439,453.49606459665097,5.056019396854929,4.277439571717549,0.24709070368070196,0.20904104014806954,1.1820200641255938,0.9511613796279252,1645.4578313253012,6887.0,4.185461255152922,file 12,channel 1,1,zstack 7,29,"[1.10875830e+02 3.69350863e-02 4.05124263e-02 7.04463848e-03
 7.30740174e-03 5.79804309e-03 4.68884206e+01]"
716,263.75885647091997,467.12959153069505,5.054985811061152,4.005054312981282,0.24704019172237013,0.1957294090069271,1.2621516254290999,-0.6703920956312329,1131.9012345679012,4130.0,3.6487282404781642,file 12,channel 1,1,zstack 7,30,"[6.63624204e+01 4.12413207e-02 3.71563921e-02 6.25615029e-03
 8.38677433e-03 7.75716938e-03 2.54171398e+01]"
717,233.28832603106932,469.77671824519945,4.959618853261769,4.3860089848094725,0.24237955123408492,0.21434689255357484,1.1307817358420695,-0.11002236316303243,1018.3125,5107.0,5.015159884613024,file 12,channel 1,1,zstack 7,31,"[5.18650794e+01 2.38012621e-02 2.10517417e-02 3.22057774e-03
 4.08019874e-03 4.18301018e-03 2.22881902e+01]"
718,239.6526335042125,479.99014388721446,4.987784529368782,3.9050101550760283,0.2437560247367882,0.19084019094116386,1.2772782480181983,2.2299984751425517,777.2820512820513,4891.0,6.292439137032394,file 12,channel 1,1,zstack 7,32,"[5.63979150e+01 2.24719843e-02 2.51673573e-02 5.02017000e-03
 5.41062996e-03 3.95880251e-03 2.09673211e+01]"
719,44.0593552363761,486.56514682557975,4.979653134011418,3.612057382566712,0.24335863856338727,0.1765234130526995,1.3786196083277331,1.9224175573491946,722.6375,3751.0,5.190707650793101,file 12,channel 1,1,zstack 7,33,"[5.27109708e+01 2.54705820e-02 3.36528694e-02 7.92102488e-03
 7.30830133e-03 4.47351962e-03 1.74238551e+01]"
720,573.2721206298432,495.1295426101029,4.890232803820735,4.451053075851923,0.2389886133368384,0.2175256363368657,1.0986687241164281,1.8158377737535263,2092.076923076923,10832.0,5.177629885649153,file 12,channel 1,1,zstack 7,34,"[9.72161951e+01 1.92277257e-02 2.10142672e-02 3.63144244e-03
 3.66365580e-03 3.00276391e-03 4.20510555e+01]"
721,35.605964143977644,505.10853647604955,5.094120075631289,3.7140742514630416,0.24895270672907222,0.18150903868906001,1.3715719532598527,0.8753030873418421,1239.0277777777778,6324.0,5.104001793520905,file 12,channel 1,1,zstack 7,35,"[7.54899885e+01 2.35418056e-02 2.64760597e-02 5.49406565e-03
 6.16744539e-03 4.30648047e-03 2.67971364e+01]"
722,254.46412329826023,509.66711940466416,5.088265798244347,3.6164183059031116,0.24866660467812254,0.17673653399455325,1.4069903887884667,1.2253394753574112,913.5068493150685,3801.0,4.1608883423807095,file 12,channel 1,1,zstack 7,36,"[5.38157770e+01 2.67654998e-02 3.60238926e-02 8.33104279e-03
 7.51525232e-03 4.51881499e-03 1.82394772e+01]"
723,265.4062019902661,518.0050810976328,4.76820128274725,4.456097160289405,0.23302485963129874,0.2177721437719158,1.070039792946879,2.228825937644624,1629.8227848101267,8698.0,5.336776538569076,file 12,channel 1,1,zstack 7,37,"[1.07236362e+02 2.59818112e-02 2.68201155e-02 4.60758387e-03
 5.00555512e-03 4.30698012e-03 4.49302476e+01]"
724,270.2335405304557,534.919491302846,5.5694220031071815,4.261941183279984,0.27218099730759865,0.20828362459951827,1.3067805874366765,1.3616345990544143,1387.4268292682927,5712.0,4.1169738681011525,file 12,channel 1,1,zstack 7,38,"[8.07436940e+01 3.03986407e-02 3.94080588e-02 6.73895539e-03
 5.59865303e-03 3.88210988e-03 3.78542864e+01]"
725,283.71938262299994,537.1914635679899,5.221001270980988,3.911660700861294,0.2551534669283522,0.19116520710683843,1.3347275416375954,1.7590758584879964,1698.8461538461538,9969.0,5.8681005207154175,file 12,channel 1,1,zstack 7,39,"[1.04928578e+02 1.90414949e-02 2.51949507e-02 5.11173842e-03
 4.42434216e-03 2.84709898e-03 4.04907077e+01]"
726,569.2473792189256,540.7891502373421,4.353746674716106,4.272556775924314,0.2127702140882403,0.20880241498590538,1.0190026494789477,0.8379605200912081,729.5568181818181,4685.0,6.421706826996465,file 12,channel 1,1,zstack 7,40,"[4.34013248e+01 1.85643187e-02 1.86560222e-02 3.67656290e-03
 4.28619141e-03 3.63916536e-03 1.54315137e+01]"
727,556.8305879108369,589.4658229841391,3.686624157092313,3.1567872700499082,0.18016753609546157,0.1542740892988102,1.167840542208607,2.3352961321479504,1463.9701492537313,7390.0,5.047917133943682,file 12,channel 1,1,zstack 7,41,"[4.02171286e+02 8.84866943e-02 8.92113885e-02 3.23368288e-02
 4.22431380e-02 3.18009512e-02 8.81857844e+01]"
728,71.50312109192505,591.1038799665789,4.3263405367692735,3.6422897826062193,0.21143085967147013,0.17800088859489482,1.1878078887159784,2.006760161453484,1458.0,7762.0,5.323731138545953,file 12,channel 1,1,zstack 7,42,"[9.79626057e+01 2.21654795e-02 2.53965179e-02 6.56320665e-03
 7.08868752e-03 4.97216974e-03 2.86719045e+01]"
729,26.571054077278596,591.6864815869133,4.889571123760082,3.527008617325306,0.23895627663498556,0.17236702883001515,1.3863224205752211,1.1434374980247652,844.0975609756098,4412.0,5.226883957466481,file 12,channel 1,1,zstack 7,43,"[6.90429891e+01 2.84930707e-02 3.69342314e-02 9.11391667e-03
 8.73381040e-03 5.34691422e-03 2.19387483e+01]"
730,522.9952722258535,601.6280417232532,4.51936524884937,4.12804788531465,0.22086409324753278,0.20174017873517602,1.0947947733181136,-0.520700010848858,1436.55223880597,9950.0,6.926305727851719,file 12,channel 1,1,zstack 7,44,"[1.28016305e+02 2.57084146e-02 2.41370569e-02 4.56815237e-03
 5.73980015e-03 5.20898986e-03 4.55700078e+01]"
731,221.80413214387517,603.4174935013722,4.674159204781925,3.6126730877924045,0.2284289668159939,0.17655350293676342,1.2938229092957212,1.9634729783944849,1149.3728813559321,5068.0,4.409361036969313,file 12,channel 1,1,zstack 7,45,"[8.96011453e+01 3.35302164e-02 4.15346663e-02 1.02568894e-02
 1.01627247e-02 6.60305898e-03 2.80135722e+01]"
732,234.3701103060811,612.1112219764691,5.059630070254951,3.875997834964682,0.24726715945769667,0.1894223414376233,1.3053748442821442,1.5357275128882968,899.325,3912.0,4.349929113501793,file 12,channel 1,1,zstack 7,46,"[3.84952015e+01 1.88579189e-02 2.46505141e-02 5.20444985e-03
 4.58975813e-03 2.97686208e-03 1.42069058e+01]"
733,52.59779338296267,624.3562103019232,6.187555760980219,3.827243971431804,0.3023895651973211,0.18703971085377202,1.616713177201871,2.265607426557699,1420.8961038961038,5442.0,3.8299774241607185,file 12,channel 1,1,zstack 7,47,"[8.17045093e+01 3.58884627e-02 4.28548439e-02 7.17549463e-03
 7.91590034e-03 4.97228461e-03 3.65273187e+01]"
734,635.3421979525544,631.7648295287827,4.795151811701544,3.597845341659521,0.23434194816304488,0.1758288620803118,1.3327843073681873,1.8054401527372819,915.55,4098.0,4.475998033968653,file 12,channel 1,1,zstack 7,48,"[4.88642619e+01 2.15748079e-02 2.82808973e-02 6.97528558e-03
 6.43746120e-03 3.99584232e-03 1.55811407e+01]"
735,303.7530398874194,638.4484044838862,5.2077130217913945,3.648421643215353,0.2545040622118704,0.1783005563045807,1.4273879312923488,1.0761531895116572,1341.5121951219512,7571.0,5.643631140685793,file 12,channel 1,1,zstack 7,49,"[8.36004824e+01 1.98365169e-02 2.56514363e-02 5.63106176e-03
 5.39467945e-03 3.31960786e-03 2.93244198e+01]"
736,117.37931135288943,36.98308338631947,4.639978203686605,3.4242488617773374,0.22675852076936534,0.16734509787694193,1.3550353350422812,1.7564160576401981,708.8153846153846,3662.0,5.166366418509757,file 13,channel 1,1,zstack 7,0,"[3.95495329e+01 1.79468943e-02 2.40489316e-02 6.63897034e-03
 6.10338922e-03 3.64969724e-03 1.15564918e+01]"
737,62.81052696606285,97.4509393550703,4.862408469154774,3.5671526289645112,0.23762882139530897,0.1743288907822592,1.3631063693975594,1.8128031643733085,656.5294117647059,3197.0,4.869545739629066,file 13,channel 1,1,zstack 7,1,"[3.40042210e+01 1.86123283e-02 2.49102356e-02 6.14848392e-03
 5.58271795e-03 3.38589046e-03 1.08078592e+01]"
738,425.384055978826,184.4843576217044,5.9659056402885415,3.711556335070681,0.2915573907150224,0.18138598660314742,1.6073865251394412,2.319619546349969,661.6268656716418,2391.0,3.6138193958808005,file 13,channel 1,1,zstack 7,2,"[3.19725391e+01 3.36179495e-02 3.65917941e-02 6.31398253e-03
 7.84478353e-03 5.30022005e-03 1.31824428e+01]"
739,142.6938785097867,192.8719642206602,6.35009628229171,4.1543958125452125,0.3103330180670761,0.20302781775886677,1.5285246203830756,0.9685949994573146,1185.7011494252874,4074.0,3.4359416805614793,file 13,channel 1,1,zstack 7,3,"[4.71454032e+01 2.79736582e-02 3.56827635e-02 5.45039653e-03
 5.14747496e-03 3.27898060e-03 2.43341224e+01]"
740,407.4088520649562,217.25579043769423,4.60043264200396,4.361935236802613,0.22482590542582226,0.21317039403401872,1.0546769707145331,-0.20896245139215233,1201.2820512820513,6290.0,5.23607257203842,file 13,channel 1,1,zstack 7,5,"[6.60368833e+01 2.32521985e-02 2.20891455e-02 3.85476448e-03
 4.65937501e-03 4.29611211e-03 2.56435243e+01]"
741,168.72029584377043,250.21440036728086,8.120606654856813,3.930854412388551,0.3968589230316067,0.19210321531354438,2.065862991329255,1.0274233292117994,940.1025641025641,2513.0,2.673112590006546,file 13,channel 1,1,zstack 7,6,"[4.82333621e+01 5.48399220e-02 9.01688045e-02 1.14024083e-02
 1.01816892e-02 4.80293283e-03 2.61185160e+01]"
742,370.37393069445557,270.77711805761976,4.372520127210386,3.439305993752836,0.21368768398367094,0.16808094895725095,1.2713379196711903,1.704206922099293,408.60759493670884,2743.0,6.713042131350682,file 13,channel 1,1,zstack 7,8,"[2.99279348e+01 1.71197046e-02 2.16692172e-02 6.23262019e-03
 6.11352834e-03 3.85690254e-03 8.30658682e+00]"
743,177.75637707944787,271.84910519286956,4.84489781261008,3.911259175667026,0.23677306509614784,0.19114558432950912,1.2387053874495113,1.457609331191876,1649.0,4194.0,2.5433596118859914,file 13,channel 1,1,zstack 7,9,"[1.12596417e+02 7.66035954e-02 9.47017413e-02 2.03047728e-02
 1.91070366e-02 1.30418893e-02 4.03284169e+01]"
744,268.53718209815617,292.3024138194623,4.96663407880917,3.2940774678494606,0.2427223895186976,0.16098354369763151,1.5077465928728258,1.5726901945812972,720.6166666666667,3115.0,4.322686587876125,file 13,channel 1,1,zstack 7,10,"[5.10942488e+01 2.79233776e-02 4.21730360e-02 1.18221035e-02
 9.58453065e-03 5.10659121e-03 1.51118460e+01]"
745,257.96882077269987,300.4643891167164,4.571190919787116,3.8286723560072975,0.22339684490364745,0.18710951686561306,1.1939363034329082,0.17611716984689285,617.5714285714286,3259.0,5.277122368725422,file 13,channel 1,1,zstack 7,11,"[4.27264644e+01 2.79172094e-02 2.35127367e-02 4.51677023e-03
 6.47852861e-03 6.43574527e-03 1.39894330e+01]"
746,395.8819094876152,301.52931610143634,5.639676723845346,4.031194298873186,0.27561438769270724,0.19700688581254455,1.3990089054803856,2.3355580503343067,1002.1086956521739,2813.0,2.8070807210881403,file 13,channel 1,1,zstack 7,12,"[3.42429584e+01 3.72150207e-02 3.78408386e-02 6.05354675e-03
 7.38699193e-03 5.85751426e-03 1.51496639e+01]"
747,187.48241751342067,304.06871054250087,4.397304367548432,3.8147864412188657,0.2148989046900489,0.1864309038724631,1.1527000096349942,1.2423057008847742,668.2205882352941,3702.0,5.540086709654702,file 13,channel 1,1,zstack 7,13,"[4.13256506e+01 2.00113264e-02 2.26922771e-02 5.38947073e-03
 5.75693323e-03 4.16350696e-03 1.29536868e+01]"
748,349.9948682203688,304.8735067807285,4.822535080686085,4.093955543111384,0.23568018495989676,0.20007406550183512,1.1779646920691729,2.0818055455329203,812.4651162790698,5157.0,6.347349438974124,file 13,channel 1,1,zstack 7,14,"[5.14925115e+01 1.95842006e-02 2.19963008e-02 4.30869877e-03
 4.44734271e-03 3.37170869e-03 1.96112863e+01]"
749,280.0554682986222,311.59234172640186,4.665513465264518,3.922704297542458,0.228006444334667,0.19170491430748962,1.1893614994603146,0.8750208318265874,564.1904761904761,2789.0,4.943365968939906,file 13,channel 1,1,zstack 7,15,"[2.99343750e+01 2.16207441e-02 2.30919460e-02 4.81441725e-03
 5.43457433e-03 4.19438828e-03 1.03723268e+01]"
750,212.70694720551887,316.3875388200758,4.652754019760282,4.10353517687986,0.22738288257179512,0.2005422279559445,1.1338404130114033,2.267880675312368,672.2777777777778,3452.0,5.1347822494008755,file 13,channel 1,1,zstack 7,16,"[3.09819992e+01 1.82890256e-02 1.91781976e-02 3.75397662e-03
 4.21759785e-03 3.39804662e-03 1.12972862e+01]"
751,319.708099577191,320.71535744273064,4.743816603256584,3.6961860609227988,0.23183316570343823,0.18063483207685585,1.283435553585804,1.7495325269398956,952.6142857142858,6017.0,6.316302505886058,file 13,channel 1,1,zstack 7,17,"[6.68721305e+01 1.87939709e-02 2.39329436e-02 5.70287675e-03
 5.36248191e-03 3.46293439e-03 2.17845606e+01]"
752,249.56957570882346,335.3829761817775,4.61845578837346,3.685358270993861,0.22570670741043297,0.18010567148176157,1.253190449548332,1.7490966709384845,707.4428571428572,4358.0,6.160214858342925,file 13,channel 1,1,zstack 7,18,"[5.25334572e+01 2.00382206e-02 2.49354686e-02 6.08340278e-03
 5.90319766e-03 3.88088365e-03 1.65662673e+01]"
753,205.72537770228303,346.2327113064335,5.446946309668264,3.694035179957031,0.2661955366318685,0.18052971723261782,1.4745247525584266,1.1199461264281552,871.3975903614457,4218.0,4.840499958521141,file 13,channel 1,1,zstack 7,19,"[4.91677395e+01 2.18308493e-02 2.94423791e-02 6.17988289e-03
 5.58782566e-03 3.32269007e-03 1.83822384e+01]"
754,332.32496410853594,348.3771443703538,4.52215570485955,4.275892982123577,0.2210004645082076,0.20896545738600228,1.057593284903419,1.0381180486598274,792.9577464788732,4651.0,5.865381882770871,file 13,channel 1,1,zstack 7,20,"[5.59237721e+01 2.34255679e-02 2.43520046e-02 4.64711404e-03
 5.20096669e-03 4.28332294e-03 2.05745496e+01]"
755,301.2894213417362,353.4685824212498,4.5872300475587435,3.547536027460738,0.22418068670812732,0.17337021568848754,1.293074971487238,0.8766206764913037,491.2083333333333,2461.0,5.01009415556875,file 13,channel 1,1,zstack 7,21,"[3.63130857e+01 2.80916812e-02 3.09649002e-02 7.61369280e-03
 8.79991141e-03 6.23094401e-03 1.09631575e+01]"
756,362.49084816398766,396.82596212057933,5.075306863207613,3.7735528415813624,0.24803329374201916,0.18441579310052725,1.3449677469153265,1.993336889219146,1059.764705882353,3839.0,3.622502220248668,file 13,channel 1,1,zstack 7,23,"[5.87384743e+01 3.27105820e-02 4.14927537e-02 8.91604288e-03
 8.43396217e-03 5.44088506e-03 2.10441792e+01]"
757,230.33868090921524,397.9636553126288,4.307907963202356,3.6689231127217,0.21053004873389164,0.1793024754289343,1.1741614176282482,1.4922653877411727,941.1279069767442,3594.0,3.818822046777123,file 13,channel 1,1,zstack 7,24,"[9.08889883e+01 5.18026266e-02 6.07681087e-02 1.58086238e-02
 1.64967943e-02 1.14048389e-02 2.67080597e+01]"
758,241.0002097552433,404.4152595839758,4.5769202157222075,3.950675476674825,0.22367683903600327,0.19307188262626124,1.1585158646274019,1.0847226747657854,743.8148148148148,5151.0,6.925110790220585,file 13,channel 1,1,zstack 7,25,"[4.86622241e+01 1.72607630e-02 1.92461387e-02 4.14786720e-03
 4.43056951e-03 3.30543168e-03 1.66075537e+01]"
759,225.3857377466601,409.1489294171924,4.464611589353155,3.5697808749579543,0.21818824903253056,0.17445733474202124,1.2506682470827402,1.5816556974426632,1036.219512195122,3807.0,3.6739319759915263,file 13,channel 1,1,zstack 7,26,"[9.30619122e+01 4.65575807e-02 5.82429724e-02 1.54677812e-02
 1.51146384e-02 9.78174455e-03 2.74518329e+01]"
760,354.71871144346244,409.05602375309877,4.6417692231335055,3.8785647528570264,0.2268460489651068,0.18954778825626176,1.1967749719053389,0.8369948877966619,1151.2717391304348,5523.0,4.7973035490053535,file 13,channel 1,1,zstack 7,27,"[5.79814888e+01 2.17487953e-02 2.27710006e-02 4.79868567e-03
 5.57284184e-03 4.36256258e-03 1.97674762e+01]"
761,265.28068222447763,431.4072041596872,4.75587076690018,4.014135696663961,0.2324222599183123,0.19617322168018214,1.1847807663434633,2.2320363172413504,1163.25,3270.0,2.8110896196002577,file 13,channel 1,1,zstack 7,29,"[6.90606422e+01 5.57960030e-02 6.03350301e-02 1.19417878e-02
 1.32097062e-02 1.01624068e-02 2.48143748e+01]"
762,278.25562080890035,435.9341670544164,5.920009125512006,3.361086407206699,0.28931440048051493,0.16425831079780856,1.7613379747746365,1.12921010361128,930.8157894736842,4195.0,4.506799355404145,file 13,channel 1,1,zstack 7,30,"[4.37147928e+01 1.90060071e-02 2.93253127e-02 6.66450776e-03
 5.64156778e-03 2.75613502e-03 1.54686424e+01]"
763,303.48161040618277,464.89082438597035,5.428402253425982,3.694871810992479,0.26528927746900804,0.18057060389365368,1.4691720122132896,1.6120529101915653,782.0439560439561,3603.0,4.6071579124863,file 13,channel 1,1,zstack 7,31,"[2.86174456e+01 1.45629882e-02 2.14661270e-02 4.63572697e-03
 3.64468913e-03 2.08377233e-03 1.05258289e+01]"
764,200.84646784884626,465.80854212658426,4.783803928382355,3.6624575619763964,0.23378737029169233,0.17898650008193817,1.306173204038667,2.125468869543129,530.6666666666666,3214.0,6.056532663316584,file 13,channel 1,1,zstack 7,32,"[5.27346074e+01 3.05451967e-02 3.62694572e-02 8.44118709e-03
 8.78115116e-03 5.91448609e-03 1.72737852e+01]"
765,355.919901266042,469.2871090721546,4.834599204519883,3.905861196715915,0.23626976593524637,0.19088178185709112,1.2377805971663456,1.1976428873638043,648.6117647058824,2889.0,4.454128273960676,file 13,channel 1,1,zstack 7,33,"[4.10607217e+01 2.93519802e-02 3.51979439e-02 7.48349444e-03
 7.35093799e-03 5.12116085e-03 1.46715847e+01]"
766,285.51211206117614,472.0730020329291,5.406171632889137,5.016012816300467,0.2642028536955699,0.24513555806808626,1.0777826594303699,0.9766780936986579,1261.5494505494505,4146.0,3.2864347871534223,file 13,channel 1,1,zstack 7,34,"[7.13447212e+01 4.71184827e-02 4.92270616e-02 6.63213349e-03
 6.36231029e-03 6.00008783e-03 4.13251784e+01]"
767,308.8362939071011,477.720398644628,5.379454017662149,3.6774009782357315,0.2628971477975242,0.17971679380692065,1.4628412972911629,1.023218789564307,1327.6447368421052,8508.0,6.408340848950952,file 13,channel 1,1,zstack 7,35,"[8.19571306e+01 1.77311002e-02 2.26917263e-02 4.76862318e-03
 4.63757711e-03 2.85474317e-03 3.02836065e+01]"
768,322.890775843773,492.84326898680285,5.227678055625505,3.8652270234516783,0.25547976540283285,0.1888959654119269,1.3524892649014824,1.1198629338641592,1198.2173913043478,5998.0,5.005769440110309,file 13,channel 1,1,zstack 7,36,"[6.03395170e+01 2.01189365e-02 2.54200954e-02 5.14928046e-03
 4.81929035e-03 3.15309903e-03 2.31345463e+01]"
769,359.25401930926427,519.7024241391618,5.467427355969388,3.4537091345718753,0.26719645766192024,0.1687848390970717,1.5830595869351154,1.6901329864061632,550.35,2271.0,4.126464976832924,file 13,channel 1,1,zstack 7,37,"[2.61943569e+01 2.04548534e-02 3.22889154e-02 7.71611405e-03
 5.84291949e-03 3.04627322e-03 8.87225431e+00]"
770,253.4655535779932,526.0204154824164,4.712799940936397,3.6884258766481026,0.23031736279269602,0.18025558721194904,1.2777266233744151,1.7027752638229505,782.876923076923,4015.0,5.128520054237821,file 13,channel 1,1,zstack 7,38,"[4.54451147e+01 1.97781343e-02 2.51691563e-02 6.05530697e-03
 5.70124100e-03 3.68398997e-03 1.46801089e+01]"
771,297.14488544945976,532.8504772602689,4.426526483742986,3.861851058403848,0.2163270070541425,0.18873097997302832,1.146218851219116,1.6124001780534405,740.9333333333333,4158.0,5.6118409213604465,file 13,channel 1,1,zstack 7,39,"[4.57197420e+01 2.03461045e-02 2.33207628e-02 5.44754406e-03
 5.69255428e-03 4.10841150e-03 1.46671919e+01]"
772,327.724206771783,547.828306761869,5.094843457075535,3.362739212196393,0.24898805881458824,0.16433908437003902,1.5150872950828107,1.3358562144830233,487.5076923076923,2391.0,4.904537995455693,file 13,channel 1,1,zstack 7,40,"[3.99990871e+01 2.91454722e-02 4.30707685e-02 1.13449313e-02
 9.44482968e-03 5.10275796e-03 1.24321295e+01]"
773,340.32651484575456,552.7615780708385,4.185179284644417,3.7017937198569197,0.2045322245234965,0.1809088817359405,1.1305814427731486,0.20539336517404783,390.4909090909091,2593.0,6.640359454299949,file 13,channel 1,1,zstack 7,41,"[3.10662779e+01 2.24410623e-02 1.99558032e-02 4.60976198e-03
 6.41774444e-03 5.86114477e-03 8.94446697e+00]"
774,258.36334850481575,561.7143846143124,4.55973199244177,3.998023659298229,0.22283684024406308,0.19538581674006167,1.1404965005239958,1.4971425252843045,573.5432098765432,3745.0,6.52958649934348,file 13,channel 1,1,zstack 7,42,"[3.45604972e+01 1.68372177e-02 1.91969552e-02 4.13234562e-03
 4.26760304e-03 3.14636018e-03 1.18996766e+01]"
775,315.5056166427159,562.2843156312678,4.9512074873741305,3.528417913895803,0.24196848273276841,0.17243590199959113,1.4032372604942918,1.2909664310201225,943.4328358208955,4288.0,4.545103622844486,file 13,channel 1,1,zstack 7,43,"[5.08182822e+01 2.12369089e-02 2.89604107e-02 7.16722539e-03
 6.41029983e-03 3.79152156e-03 1.62856249e+01]"
776,302.115791055939,580.822672100674,4.498890343794941,4.089949427958579,0.21986347234389433,0.19987828424894907,1.0999867903111158,1.7211236256651512,680.2954545454545,5085.0,7.474693482110046,file 13,channel 1,1,zstack 7,44,"[4.67768211e+01 1.70343125e-02 1.87004727e-02 3.91520996e-03
 4.17869823e-03 3.22118407e-03 1.63924786e+01]"
777,297.9612117140051,595.0023379520047,4.853097660321975,3.9539989227553507,0.23717379657721513,0.19323430143169398,1.2273897274964571,1.2987220509996713,1060.6666666666667,6949.0,6.551539912005028,file 13,channel 1,1,zstack 7,45,"[6.99280974e+01 1.84218892e-02 2.22614225e-02 4.66429591e-03
 4.48699692e-03 3.13628366e-03 2.55367666e+01]"
778,397.9688765611802,602.6686050610386,6.478159667803519,5.5005565026914836,0.316591552609394,0.2688154989537705,1.1777280470864508,-0.7431711451180134,1142.7857142857142,2809.0,2.4580286267891744,file 13,channel 1,1,zstack 7,46,"[4.11547869e+01 5.22584639e-02 4.95691712e-02 4.84042502e-03
 4.74727503e-03 5.11826034e-03 3.09431706e+01]"
779,340.22140800344073,621.4128979163961,5.007799011779857,4.007175066514471,0.24473414450939704,0.1958330515054458,1.2497080683165038,0.7653013457268208,1034.1195652173913,5118.0,4.9491375776495445,file 13,channel 1,1,zstack 7,47,"[9.20856395e+01 4.15545551e-02 4.12555537e-02 7.45047361e-03
 9.05160883e-03 7.56293665e-03 3.55357975e+01]"
780,393.3936138160999,624.363040940051,4.578843487895648,3.680875041040886,0.2237708305018985,0.17988657334211994,1.243955156543655,1.3952497239584645,800.2727272727273,4103.0,5.127002158355106,file 13,channel 1,1,zstack 7,48,"[4.99585461e+01 2.08783330e-02 2.57993761e-02 6.35166060e-03
 6.21762958e-03 4.11102101e-03 1.56098799e+01]"
781,296.0811542885104,626.9780397218886,5.049686010594055,4.321965227614976,0.24678118729141463,0.21121703568605812,1.1683772877970753,1.232433410015826,964.9130434782609,4184.0,4.336142026765196,file 13,channel 1,1,zstack 7,49,"[4.10503341e+01 2.20946279e-02 2.53556946e-02 4.49193022e-03
 4.32593147e-03 3.34537369e-03 1.77587157e+01]"
782,409.90933427607536,635.0977768354794,6.576430985523106,3.814366186691386,0.3213941309108275,0.18641036578137418,1.7241215613930236,1.5564249285473413,766.9620253164557,2676.0,3.489090609011388,file 13,channel 1,1,zstack 7,50,"[3.03824248e+01 2.34839111e-02 4.14097784e-02 7.30310004e-03
 4.63646075e-03 2.38170599e-03 1.35566233e+01]"
783,317.0222794279708,640.818477816194,5.992115084921123,3.5389936648056595,0.29283826201100144,0.17295274529649257,1.6931692035821075,1.7904735199790065,541.445652173913,2334.0,4.3106819504948515,file 13,channel 1,1,zstack 7,51,"[2.15432965e+01 1.68130735e-02 2.78644694e-02 5.91274061e-03
 4.26510173e-03 2.13059767e-03 8.11347887e+00]"
784,503.37006042495494,46.574912120320285,4.690801904523196,4.234148486942795,0.2292423055450295,0.20692537884211235,1.1078501188582834,0.6544306279795198,993.3932584269663,4325.0,4.3537641949056685,file 14,channel 1,1,zstack 7,0,"[3.49491146e+01 1.84000436e-02 1.75175142e-02 3.09837194e-03
 3.78705442e-03 3.43468529e-03 1.33466049e+01]"
785,417.1238737148323,70.65524887576532,4.572979420603576,3.6613872204579696,0.22348425001240702,0.17893419184927373,1.248974540319607,0.9776540472671083,712.8888888888889,4107.0,5.7610660847880295,file 14,channel 1,1,zstack 7,1,"[4.52943488e+01 1.97743560e-02 2.25283651e-02 5.41473209e-03
 5.89433177e-03 4.13734907e-03 1.41403938e+01]"
786,433.957346106111,93.91655714246006,4.791256345328341,3.660084470140322,0.23415157438245415,0.17887052565904746,1.3090562210835126,-0.6360813837840043,763.8030303030303,3596.0,4.708020074983635,file 14,channel 1,1,zstack 7,2,"[3.91020059e+01 2.44663277e-02 2.13413207e-02 4.22351791e-03
 6.09687122e-03 5.60743107e-03 1.28628248e+01]"
787,447.47801387303394,100.05763454991003,6.2043270210023245,3.734447135114606,0.3032091867444717,0.18250467374548435,1.6613776541817133,0.215510675924101,1580.0833333333333,7129.0,4.511787352987712,file 14,channel 1,1,zstack 7,3,"[1.49921238e+02 7.07032406e-02 4.30608356e-02 4.98546489e-03
 9.52757150e-03 1.33572381e-02 6.21966070e+01]"
788,402.145086692613,148.7892660930655,5.6058761119833855,3.241169122473172,0.2739625314963079,0.15839788109164132,1.7295845727747232,2.301606548747042,1009.5263157894736,3399.0,3.366925603461759,file 14,channel 1,1,zstack 7,4,"[4.12882605e+01 2.94251536e-02 3.37177626e-02 7.72727152e-03
 9.63555274e-03 5.83096601e-03 1.37760509e+01]"
789,331.7670731253655,178.62197789286728,7.155045248198218,3.4068073433492585,0.349671357341766,0.16649272039905194,2.1002200967325724,1.6814636779033008,982.7840909090909,3733.0,3.79839278487599,file 14,channel 1,1,zstack 7,6,"[5.40714202e+01 2.48530558e-02 5.37527306e-02 1.01546662e-02
 5.82955069e-03 2.44370142e-03 2.12894224e+01]"
790,309.3898949868871,224.27712573644112,5.274696099202577,3.678138910471041,0.25777756542321556,0.17975285699833257,1.434066583017408,1.679664972894994,1452.1267605633802,4897.0,3.3722951280782922,file 14,channel 1,1,zstack 7,7,"[5.77217936e+01 2.32187845e-02 3.33565338e-02 7.32862621e-03
 6.05407010e-03 3.53575043e-03 2.02412305e+01]"
791,328.1123563013976,227.67515659625548,4.717880825933545,3.7252251646859644,0.23056566869319295,0.1820539905135424,1.2664686340728242,1.6221983057091762,1080.390625,7778.0,7.199247957191409,file 14,channel 1,1,zstack 7,8,"[8.09516176e+01 1.72450649e-02 2.18453007e-02 5.17543610e-03
 4.86848735e-03 3.17540812e-03 2.64706418e+01]"
792,304.36911515657994,242.3548809835629,4.592736439986563,4.076705690701332,0.22444978741224614,0.1992310548573271,1.1265803294219299,-0.7485661094593741,1537.7173913043478,4657.0,3.0285148794797485,file 14,channel 1,1,zstack 7,9,"[8.49365700e+01 4.77912350e-02 4.67066613e-02 8.96917369e-03
 1.09542045e-02 9.41481061e-03 3.00273633e+01]"
793,195.35447344770228,250.019839449467,4.374154208532972,3.9570901869867585,0.2137675425190477,0.19338537337075273,1.1053966429468212,2.1521539521022603,580.5573770491803,3734.0,6.431750155305811,file 14,channel 1,1,zstack 7,10,"[4.44140516e+01 2.16526219e-02 2.30160143e-02 5.09751944e-03
 5.76754696e-03 4.49489114e-03 1.44812084e+01]"
794,273.7782016471508,255.31097914145516,4.560559768476209,4.087435494772237,0.2228772941558829,0.1997554268247062,1.115750884462664,2.0810595702197228,1100.5393258426966,4045.0,3.67547065790011,file 14,channel 1,1,zstack 7,11,"[5.44323624e+01 3.01438113e-02 3.26091307e-02 6.63811614e-03
 7.24958136e-03 5.63391301e-03 1.91077568e+01]"
795,154.7861802979489,280.757314484723,4.950114273465619,3.8699221753308586,0.24191505671266736,0.18912542030334525,1.2791250183325482,1.961771716177314,1386.7066666666667,7530.0,5.430131823120487,file 14,channel 1,1,zstack 7,12,"[9.32368594e+01 2.31482140e-02 2.84304796e-02 6.01779127e-03
 5.78449292e-03 3.91800235e-03 3.37442913e+01]"
796,248.38845801469432,281.8832513346359,4.749527206372024,3.9040898100266888,0.2321122463064741,0.1907952131260052,1.2165517284397604,1.5297832320794742,1525.5056179775281,5529.0,3.624372099874788,file 14,channel 1,1,zstack 7,13,"[8.74659864e+01 3.33807154e-02 4.06234907e-02 8.85531277e-03
 8.52101823e-03 5.88572393e-03 3.05711294e+01]"
797,196.30205640630467,292.6527876534732,4.608322143689523,3.382442272535728,0.22521147011024345,0.16530198475901656,1.3624244768661742,1.11156135738405,679.418918918919,3095.0,4.555363287387871,file 14,channel 1,1,zstack 7,14,"[5.02359653e+01 2.84636176e-02 3.60078700e-02 9.97450982e-03
 1.00107828e-02 6.17101902e-03 1.44116576e+01]"
798,197.48911166741223,305.3944040838782,4.681885418826355,4.505708634094775,0.22880655153535107,0.22019668628471373,1.0391007939125152,2.1969613326793573,964.046511627907,3669.0,3.805832971486467,file 14,channel 1,1,zstack 7,15,"[4.07077545e+01 2.52312885e-02 2.57530869e-02 4.40756394e-03
 4.86885106e-03 4.22149985e-03 1.67347835e+01]"
799,319.73079243511523,308.56642899419296,4.384126024773672,3.7757880423268633,0.2142548711660505,0.1845250287030285,1.1611155010893872,2.2915091625068373,676.4642857142857,3166.0,4.680217517554512,file 14,channel 1,1,zstack 7,16,"[4.20092170e+01 2.59260069e-02 2.71336489e-02 6.31098099e-03
 7.43688299e-03 5.74318999e-03 1.29826892e+01]"
800,459.558642717929,309.61767021276796,4.256447244923413,3.6542284149995647,0.20801513253333906,0.17858433672820143,1.16480054378974,2.186085981331234,579.8163265306123,3444.0,5.9398120446306,file 14,channel 1,1,zstack 7,17,"[4.17070154e+01 2.06134857e-02 2.24219287e-02 5.73747165e-03
 6.58444443e-03 4.83464061e-03 1.20246961e+01]"
801,294.5086482909981,326.43595614681584,7.449110030520444,3.302333085321021,0.3640424798174649,0.16138700068033918,2.255711292005032,-0.48678207859865724,1076.8823529411766,3569.0,3.3141967553394873,file 14,channel 1,1,zstack 7,18,"[6.91999737e+01 8.55695848e-02 4.57884737e-02 5.20893671e-03
 1.23034324e-02 1.42704905e-02 2.67196149e+01]"
802,398.0030946534332,328.26054962602177,4.106006377547331,4.071970413689538,0.2006629970163325,0.1989996390265858,1.008358598025017,2.0054285896546484,717.179104477612,4487.0,6.256456681442634,file 14,channel 1,1,zstack 7,19,"[4.94315035e+01 2.08433026e-02 2.09822757e-02 4.70968083e-03
 5.64945716e-03 4.64369579e-03 1.55296847e+01]"
803,46.80837313518759,344.989571420468,5.436950053143296,4.511549428423282,0.265707013573499,0.22048212941050213,1.2051181394334025,0.04848907128513742,783.7974683544304,3127.0,3.9895510335917312,file 14,channel 1,1,zstack 7,20,"[3.58862111e+01 3.13845118e-02 2.59489816e-02 3.35049132e-03
 4.34899638e-03 5.04418326e-03 1.79775283e+01]"
804,147.60499270534595,368.9140365008541,4.66383949139251,4.242675153899167,0.2279246362264475,0.20734208217588745,1.0992685798973503,0.9335454391486675,921.9882352941177,3541.0,3.840612997486251,file 14,channel 1,1,zstack 7,21,"[5.36208729e+01 3.45795301e-02 3.62887993e-02 6.78969543e-03
 7.49913011e-03 6.14212998e-03 2.03627754e+01]"
805,287.06734738835854,368.50691495790375,4.7761925585501945,3.9780144749525226,0.23341539807794404,0.1944079558870885,1.2006473552631298,2.1500388325831237,1421.7162162162163,7248.0,5.098063817046394,file 14,channel 1,1,zstack 7,22,"[9.89987218e+01 2.79716466e-02 3.12976840e-02 6.38025760e-03
 6.77177817e-03 5.04398943e-03 3.56771822e+01]"
806,224.78181130727899,371.7931753540963,4.699964406454396,3.55923979492979,0.22969008251579512,0.1739421858319253,1.3204967007700892,1.799922074887067,702.6216216216217,3970.0,5.650267338539062,file 14,channel 1,1,zstack 7,23,"[4.63651879e+01 1.99205689e-02 2.59020183e-02 6.61340032e-03
 6.19134271e-03 3.85552936e-03 1.43329509e+01]"
807,394.32725230239674,385.39648485873624,5.526139665110345,3.505961927044661,0.27006576346193006,0.17133846443905787,1.5762121152777566,2.10705892659496,1115.7717391304348,3762.0,3.371657363298945,file 14,channel 1,1,zstack 7,24,"[6.11805859e+01 3.56951549e-02 4.81606236e-02 1.06049560e-02
 1.01724446e-02 5.74612169e-03 2.15485373e+01]"
808,227.13834484372967,389.9274349024589,4.8472433135767306,3.368019309995899,0.2368876911366836,0.1645971259197994,1.439197007924112,2.289983589691136,1058.2857142857142,3669.0,3.466927645788337,file 14,channel 1,1,zstack 7,25,"[6.86117844e+01 4.19922685e-02 4.68310845e-02 1.17225005e-02
 1.39614556e-02 9.36692261e-03 2.07970272e+01]"
809,172.83888223640528,397.8184390351595,4.833341522977084,4.382088805909512,0.23620830228310735,0.21415531105696348,1.1029766253159978,-0.530877388966779,1067.2183908045977,5648.0,5.29226262278132,file 14,channel 1,1,zstack 7,26,"[5.42313379e+01 2.16999453e-02 2.02867034e-02 3.31211613e-03
 4.00627924e-03 3.82412896e-03 2.26798227e+01]"
810,382.4316286757232,406.9248401590253,6.056696238414897,3.3663293338888933,0.29599438175832965,0.16451453577274747,1.7991989605538696,1.9975667666845305,1319.3733333333332,4975.0,3.7707295382656416,file 14,channel 1,1,zstack 7,27,"[9.09486225e+01 3.53855658e-02 5.60221197e-02 1.24587872e-02
 1.02944488e-02 4.91443387e-03 3.26958474e+01]"
811,254.850362496029,408.27208103197495,4.816501579942722,3.6814936513827794,0.23538532415590877,0.17991680520095688,1.308300933273002,2.0193085932145642,927.9078947368421,3335.0,3.594106719984118,file 14,channel 1,1,zstack 7,28,"[4.56716660e+01 2.94642952e-02 3.62932204e-02 8.44754926e-03
 8.35910255e-03 5.48684668e-03 1.51052933e+01]"
812,110.08500287042469,418.23316068986816,6.358009813531321,3.477164189519247,0.3107197570902316,0.16993110171533238,1.8285043406047443,1.2002641962680436,1167.5189873417721,4767.0,4.083017108658413,file 14,channel 1,1,zstack 7,29,"[6.83920711e+01 2.70109340e-02 4.50214831e-02 9.18383473e-03
 7.03622153e-03 3.31068705e-03 2.64387463e+01]"
813,433.36985388299155,418.177562294997,4.380708545749537,3.774284622557482,0.21408785691420393,0.18445155567620924,1.1606725469424555,1.5011025512047933,720.6527777777778,3498.0,4.853932584269662,file 14,channel 1,1,zstack 7,30,"[4.09426370e+01 2.12558163e-02 2.46561302e-02 6.01410801e-03
 6.29040381e-03 4.43973499e-03 1.25885235e+01]"
814,269.00801279107225,427.7839261294604,4.259559676035505,3.844677086713395,0.208167238910566,0.18789167766484766,1.1079109064206927,2.130712945595727,868.0338983050848,6957.0,8.01466395907369,file 14,channel 1,1,zstack 7,31,"[6.76066370e+01 1.70374007e-02 1.81961349e-02 4.32780367e-03
 4.94030450e-03 3.77874305e-03 2.07319272e+01]"
815,318.58206944645104,430.55881056707483,6.214126930089619,3.7088681017969964,0.3036881141856704,0.18125461102898216,1.6754780055615326,1.6817704838773435,1587.858695652174,5316.0,3.3479049581402354,file 14,channel 1,1,zstack 7,32,"[6.73792097e+01 2.53596430e-02 4.29116711e-02 8.19780865e-03
 5.60338444e-03 2.89382438e-03 2.75319960e+01]"
816,47.190719375474686,434.922867905626,4.337193103102605,3.97301352895126,0.21196123110432347,0.1941635566533178,1.0916633108590184,1.348683163807437,663.5757575757576,3875.0,5.839574390355283,file 14,channel 1,1,zstack 7,33,"[3.61202228e+01 1.75703041e-02 1.90957073e-02 4.30072639e-03
 4.73362845e-03 3.62009989e-03 1.17297014e+01]"
817,497.2276095141437,443.2949327174526,4.869086617145962,3.732894764076101,0.23795518649736,0.18242880844075146,1.304372859370192,1.1364431793108212,962.5733333333334,6163.0,6.402629063759644,file 14,channel 1,1,zstack 7,34,"[6.02819444e+01 1.72174303e-02 2.12463291e-02 4.80006414e-03
 4.70224529e-03 3.10370238e-03 2.04831961e+01]"
818,209.1035045130865,445.4295842498356,4.72728425336179,3.210806591571163,0.2310252198376567,0.15691404597606184,1.472304269516452,1.6430631889100584,849.2631578947369,3383.0,3.98345314823996,file 14,channel 1,1,zstack 7,35,"[5.78848926e+01 2.84553094e-02 4.18447291e-02 1.27598641e-02
 1.08002427e-02 5.83334784e-03 1.59565239e+01]"
819,43.95169156273624,454.89592686862875,4.639395987333927,4.282563418831109,0.2267300675066332,0.209291445632991,1.0833221913150821,2.092544516897444,734.1012658227849,4145.0,5.64635996827258,file 14,channel 1,1,zstack 7,36,"[3.69699407e+01 1.83149274e-02 1.93665700e-02 3.64372914e-03
 3.94563597e-03 3.23727676e-03 1.42798530e+01]"
820,537.7304606326105,459.17401163462756,4.95616295569953,3.895433597203392,0.2422106594452138,0.19037217880793103,1.272300716217485,2.1608594380459465,1106.112359550562,4379.0,3.958910649709479,file 14,channel 1,1,zstack 7,37,"[6.55505950e+01 3.22253896e-02 3.71630816e-02 7.58928808e-03
 7.88911848e-03 5.62965617e-03 2.40860346e+01]"
821,505.1283111697386,468.7187293977068,4.198644026357518,4.043644882703076,0.20519025453557252,0.19761535331994312,1.0383315420000057,1.6240615361459756,864.5921052631579,5877.0,6.7974250102725655,file 14,channel 1,1,zstack 7,38,"[5.78639903e+01 1.83050643e-02 1.90063081e-02 4.25429132e-03
 4.92432784e-03 3.93482093e-03 1.84797850e+01]"
822,219.54795541328775,475.32700713182714,4.287128257714253,3.5444443686818508,0.20951453205004997,0.17321912446765655,1.2095346440177308,1.9331359577309115,542.8305084745763,3220.0,5.931869984700409,file 14,channel 1,1,zstack 7,39,"[4.02102621e+01 2.05339438e-02 2.41722588e-02 6.62735807e-03
 7.01658714e-03 4.75295656e-03 1.13066469e+01]"
823,468.37674986511564,480.0225445973983,5.477902497136335,3.97368661060958,0.2677083841002772,0.1941964505580944,1.3785441666462979,0.1312701921226345,1236.2692307692307,4818.0,3.8972093457362416,file 14,channel 1,1,zstack 7,40,"[8.10947470e+01 4.76927457e-02 3.45346537e-02 4.69508947e-03
 7.44177948e-03 9.07806252e-03 3.30765432e+01]"
824,405.95511687235336,485.09197166423337,5.12469502313307,4.366872816156692,0.2504469227714226,0.2134116965016947,1.1735388775630384,1.6755091106199185,971.9764705882353,3589.0,3.6924762158367423,file 14,channel 1,1,zstack 7,41,"[4.06919479e+01 2.65979354e-02 3.12137806e-02 5.43954745e-03
 5.03601431e-03 3.85965398e-03 1.81498570e+01]"
825,128.00413847496927,498.53502305596396,4.907362420009178,3.6322920832183194,0.23982574796500367,0.17751229502294752,1.3510373911508538,0.7634617666402563,1601.8,7962.0,4.970658009739044,file 14,channel 1,1,zstack 7,42,"[8.00910081e+01 2.09002193e-02 2.04781612e-02 4.26096937e-03
 5.59002750e-03 4.44024014e-03 2.67202465e+01]"
826,467.5230700007166,502.9292243284094,5.1638168270525755,3.993596408052955,0.2523588288186467,0.19516945431347635,1.2930242066123432,1.801359690630854,991.2650602409639,4555.0,4.595138255849286,file 14,channel 1,1,zstack 7,43,"[5.21259202e+01 2.25412721e-02 2.87701793e-02 5.67253459e-03
 5.07645198e-03 3.40153273e-03 2.04489859e+01]"
827,354.0025021679726,507.4660672098048,5.7836648183529,3.6692696120023816,0.28265117232522785,0.17931940905682775,1.5762441657146742,0.5400431752622165,1281.7123287671234,4436.0,3.4609950301929135,file 14,channel 1,1,zstack 7,44,"[7.23271674e+01 5.00597899e-02 3.68159665e-02 5.35979839e-03
 9.25967136e-03 9.70979294e-03 2.74801550e+01]"
828,422.34812501072577,514.163086339713,4.547885869061877,3.9319588510271473,0.22225791308178855,0.19215718989294425,1.1566463539855791,1.4506407465073854,975.0246913580247,6031.0,6.185484381528799,file 14,channel 1,1,zstack 7,45,"[5.38043569e+01 1.63017462e-02 1.88200438e-02 4.17491660e-03
 4.28168274e-03 3.09917851e-03 1.81300275e+01]"
829,338.62868988434076,515.6556395052052,5.417957157358568,4.627449203078931,0.2647788193527051,0.22614622098695317,1.1708301743763418,1.141210531712918,2218.0114942528735,7525.0,3.392678540890411,file 14,channel 1,1,zstack 7,46,"[7.57603080e+01 2.50525512e-02 2.85549166e-02 4.24484399e-03
 4.00495816e-03 3.24649552e-03 3.77106044e+01]"
830,155.67399063176939,521.3911098432129,4.459080582685011,3.9072212086408333,0.21791794541570808,0.19094824645644595,1.141240883117582,1.9743450728717797,829.3561643835617,3881.0,4.679533554663627,file 14,channel 1,1,zstack 7,47,"[5.79105037e+01 2.81578631e-02 3.14012866e-02 7.06285588e-03
 7.60210334e-03 5.63598884e-03 1.89207923e+01]"
831,358.64268114492825,524.7155764534003,4.774445530439029,4.060955573921461,0.2333300197651934,0.19846133719354353,1.175695090362337,2.0796608199628057,1193.7790697674418,4269.0,3.5760385720547414,file 14,channel 1,1,zstack 7,48,"[6.14981786e+01 3.26481351e-02 3.66359786e-02 7.29710618e-03
 7.60803871e-03 5.73234110e-03 2.27764337e+01]"
832,375.5822379158928,531.8092334129153,4.459328142489587,4.010127333894253,0.21793004381199862,0.19597733058490852,1.1120165947845633,1.1728619586197708,1392.876404494382,6239.0,4.479220108739493,file 14,channel 1,1,zstack 7,49,"[9.66306891e+01 3.14016168e-02 3.42932088e-02 7.39420019e-03
 8.04897207e-03 6.16175697e-03 3.26273766e+01]"
833,302.43693321258587,536.0721778073167,4.936115740840019,3.166571981777112,0.24123094001819653,0.15475227403589636,1.55882000132832,1.5834603589180034,1284.4647887323943,4256.0,3.3134423281467593,file 14,channel 1,1,zstack 7,50,"[9.61729809e+01 4.12148078e-02 6.43209898e-02 1.94262507e-02
 1.53964549e-02 7.85909246e-03 2.71528485e+01]"
834,122.24399973345614,537.4409505877362,4.622224047733175,4.216097204595286,0.22589086450789633,0.20604320183536282,1.096327675437662,-0.7646188403635423,1123.7777777777778,5962.0,5.305319359303935,file 14,channel 1,1,zstack 7,51,"[6.76833997e+01 2.32281294e-02 2.31243680e-02 4.29210569e-03
 5.03072119e-03 4.33052274e-03 2.53283928e+01]"
835,72.2889962258488,541.4556389981907,4.481728075364055,4.022391238121179,0.21902474198103564,0.19657667494802325,1.1141949676325937,1.9379589949783864,1039.8833333333334,5025.0,4.832272851121119,file 14,channel 1,1,zstack 7,52,"[5.50892461e+01 2.12893193e-02 2.33612044e-02 4.99720203e-03
 5.40217606e-03 4.11904182e-03 1.87185351e+01]"
836,354.4314609912869,556.0199652299546,4.440166545505303,4.0170690604393435,0.2169936050622901,0.1963165769291477,1.1053249219020609,1.5333718550656543,1376.7971014492753,9456.0,6.868114401204224,file 14,channel 1,1,zstack 7,53,"[9.37920706e+01 1.77782845e-02 1.96507333e-02 4.27437347e-03
 4.58301362e-03 3.47467655e-03 3.15893344e+01]"
837,317.8791188159861,565.8280557096277,4.4531154485188456,4.069349711847806,0.21762642572739668,0.19887156375404755,1.0943064036874774,1.423226727495948,763.9066666666666,3808.0,4.984902169549509,file 14,channel 1,1,zstack 7,54,"[5.51578881e+01 2.86682348e-02 3.13144869e-02 6.65769334e-03
 7.17672383e-03 5.53758038e-03 1.89874599e+01]"
838,296.87507935402374,577.886455948484,5.424255900809524,3.931538679767998,0.2650866427270713,0.19213665587122863,1.379677612921161,2.2810011230952303,1082.4819277108434,3877.0,3.581584043808294,file 14,channel 1,1,zstack 7,55,"[3.87286813e+01 2.44885231e-02 2.72562271e-02 4.93330803e-03
 5.43555920e-03 3.93104952e-03 1.60051669e+01]"
839,290.5763362231722,593.5290969160336,4.81488585474256,4.111785756006202,0.23530636269525632,0.2009454387116962,1.1709962873696227,-0.0020328186185832034,842.0416666666666,3484.0,4.137562472165867,file 14,channel 1,1,zstack 7,56,"[4.89730024e+01 3.52332134e-02 3.00489839e-02 4.99474428e-03
 6.82541240e-03 6.96110907e-03 1.84430075e+01]"
840,465.171387971248,72.79195349106625,4.028350219188209,3.924154684948983,0.19686789393068543,0.1917757956108942,1.0265523514245922,0.9616675293196215,290.02666666666664,1835.0,6.327004413387275,file 15,channel 1,1,zstack 7,0,"[1.80955984e+01 1.81847882e-02 1.84559994e-02 4.46084136e-03
 5.38568943e-03 4.32718679e-03 5.34331238e+00]"
841,140.0678087978177,108.53027178012947,4.494512788921561,4.167541614156114,0.21964953860884237,0.20367026097664895,1.0784566070449797,-0.7629330847038075,513.5068493150685,3167.0,6.167395827775703,file 15,channel 1,1,zstack 7,1,"[3.22890445e+01 1.99483579e-02 1.98354803e-02 3.85499513e-03
 4.56445564e-03 3.89704174e-03 1.15315210e+01]"
842,279.636593386798,136.04545723645873,5.50001466854466,4.077064701186244,0.26878901919368486,0.19924859991528332,1.3490133396569353,-0.25809988572918996,561.0,2556.0,4.55614973262032,file 15,channel 1,1,zstack 7,2,"[4.05913974e+01 4.26767951e-02 3.21733370e-02 4.32380255e-03
 6.57565895e-03 7.80741510e-03 1.74959510e+01]"
843,213.63558783335134,158.77682475805057,4.997804652306815,4.247405157566485,0.24424571416109417,0.20757324029511792,1.1766724545699487,0.16006755609160972,717.2631578947369,3294.0,4.592456706780158,file 15,channel 1,1,zstack 7,3,"[5.21354357e+01 3.93180240e-02 3.34535261e-02 5.12728467e-03
 6.87057406e-03 7.17467971e-03 2.12939821e+01]"
844,222.73796194503717,167.8334384043093,4.363163359463618,3.882542252752364,0.2132304131258566,0.1897421710643341,1.123790309395999,1.5064321899228708,689.175,3389.0,4.9174737911270725,file 15,channel 1,1,zstack 7,4,"[3.26951542e+01 1.87572143e-02 2.10721799e-02 4.92417702e-03
 5.26687441e-03 3.87299440e-03 1.03872091e+01]"
845,625.5441479678052,168.25232121998246,5.078866350643317,4.127916616600528,0.24820724803020439,0.2017337635543,1.2303703835049669,1.9596787306550005,1047.139534883721,4549.0,4.3442156928065385,file 15,channel 1,1,zstack 7,5,"[4.38849564e+01 2.01349948e-02 2.39700017e-02 4.49216974e-03
 4.30524777e-03 3.11252487e-03 1.77307381e+01]"
846,611.0224647602025,171.0306558522932,6.600268744750096,3.8523108323116,0.3225590965170181,0.18826474339571755,1.7133271514307087,2.1558569054940397,1043.6046511627908,3381.0,3.239732590529248,file 15,channel 1,1,zstack 7,6,"[5.56005604e+01 4.26417403e-02 5.85649731e-02 9.62987467e-03
 9.09661177e-03 5.02885121e-03 2.63664291e+01]"
847,246.08495998254398,173.8512062681322,4.634864852008437,4.137438504454295,0.22650862820267317,0.20219910393088547,1.1202256775583785,1.0972323179630972,944.6630434782609,3322.0,3.5165978207090176,file 15,channel 1,1,zstack 7,7,"[2.96407227e+01 2.12629793e-02 2.31649866e-02 4.61050215e-03
 4.91682596e-03 3.84990415e-03 1.09244238e+01]"
848,522.9398043393891,174.47609206262712,4.208028399469059,3.356413488221274,0.20564887448413827,0.1640299424412572,1.2537276513267432,0.8961296922023292,1032.9782608695652,3085.0,2.9865100911252815,file 15,channel 1,1,zstack 7,8,"[9.73727007e+01 7.30099029e-02 8.04285861e-02 2.36328779e-02
 2.77717261e-02 1.94007097e-02 2.54625461e+01]"
849,165.78173854580342,176.5268002415921,4.325950222914026,3.8398121626610076,0.21141178479901027,0.18765392590538937,1.1266046461804324,2.2568384676448607,526.6666666666666,2472.0,4.6936708860759495,file 15,channel 1,1,zstack 7,9,"[4.29139826e+01 3.52477332e-02 3.69960483e-02 8.56203517e-03
 9.98216199e-03 7.74161505e-03 1.33018551e+01]"
850,459.106808612944,179.3084946397461,4.573731724440074,3.7254485988545927,0.22352101555259807,0.18206490987551857,1.2276995918951317,0.7546373726807661,543.1975308641976,2996.0,5.5154889883861,file 15,channel 1,1,zstack 7,10,"[6.20491613e+01 4.15615205e-02 4.02969504e-02 8.73583601e-03
 1.12425389e-02 9.30807498e-03 1.98393387e+01]"
851,234.20038712401657,184.187688547767,4.898872377024047,3.815066621007666,0.2394108344666931,0.1864445964269685,1.2840856697097778,2.2991377356297784,493.4605263157895,2882.0,5.840386102445137,file 15,channel 1,1,zstack 7,11,"[2.96887090e+01 2.04084803e-02 2.18598452e-02 4.48475183e-03
 5.16212837e-03 3.88454944e-03 1.05354420e+01]"
852,151.85431579828818,194.39259973082466,4.70763658005795,3.9395524142934457,0.2300650262463595,0.1925282918891274,1.1949673681146489,-0.5757137521751472,665.527027027027,4393.0,6.600783772259335,file 15,channel 1,1,zstack 7,12,"[4.04423428e+01 1.91662572e-02 1.71726861e-02 3.19591216e-03
 4.29632671e-03 4.01690894e-03 1.42190704e+01]"
853,283.71598851344913,194.20323427488796,4.353714862519743,3.5534525501798417,0.21276865940710318,0.17365935970619356,1.2252069785762016,-0.02949596786262035,401.38775510204084,1798.0,4.479459019727476,file 15,channel 1,1,zstack 7,13,"[2.82900332e+01 3.42191932e-02 2.79279532e-02 6.16807965e-03
 9.38345611e-03 9.34186431e-03 8.09963560e+00]"
854,595.951475362464,193.35050524078406,4.844697737246861,3.7804072815947647,0.23676328729301724,0.1847507736995539,1.2815279879587802,1.4953947963436722,736.6630434782609,3360.0,4.56110840600239,file 15,channel 1,1,zstack 7,14,"[4.72269694e+01 2.75917672e-02 3.53930618e-02 7.98833932e-03
 7.37633814e-03 4.79044832e-03 1.59945573e+01]"
855,206.04671597933853,199.5115294736075,4.373750417474382,4.267345967175506,0.21374780900756848,0.20854775963365543,1.0249345731790536,-0.15443771127863826,493.76623376623377,2574.0,5.212993161493951,file 15,channel 1,1,zstack 7,15,"[2.95942457e+01 2.41408356e-02 2.35716424e-02 4.54797721e-03
 5.46461134e-03 4.77449655e-03 1.05198607e+01]"
856,427.7924958777653,203.09820691608925,4.877326462178233,3.076714992716898,0.23835787267148942,0.15036090902821295,1.5852383057006205,2.3356670586939545,818.2203389830509,3136.0,3.832708441222165,file 15,channel 1,1,zstack 7,16,"[1.23312138e+02 9.04777615e-02 9.22512054e-02 2.50469712e-02
 3.48073006e-02 2.40766156e-02 3.41769117e+01]"
857,547.2096890718146,204.1388340116927,4.8518667802663735,3.567106510334898,0.23711364272984772,0.17432663693713923,1.360168743548635,0.39636608831648146,429.9864864864865,2063.0,4.797825198780602,file 15,channel 1,1,zstack 7,17,"[2.48280854e+01 2.90626957e-02 2.25486619e-02 4.21984434e-03
 6.79083485e-03 7.12147459e-03 7.95667985e+00]"
858,406.98828763321376,210.76584778213123,4.529171860566501,4.161116718878011,0.22134334825027593,0.20335627248674545,1.0884510496950757,2.090859421737461,845.5111111111111,2598.0,3.072697645079899,file 15,channel 1,1,zstack 7,18,"[6.40739740e+01 6.54628346e-02 6.94616718e-02 1.39022264e-02
 1.52948288e-02 1.22727192e-02 2.31376494e+01]"
859,603.4947997069867,215.80803402272954,4.434458031184634,3.9138182105245223,0.21671462653990886,0.1912706458995014,1.1330260611645364,1.77090537342094,751.8666666666667,2902.0,3.8597269019329667,file 15,channel 1,1,zstack 7,19,"[6.95139039e+01 5.04206393e-02 5.68354724e-02 1.28926667e-02
 1.36942151e-02 1.00744247e-02 2.26195496e+01]"
860,345.3470352323624,235.90512605800552,4.740022851592647,3.8819736804335934,0.2316477627817613,0.18971438459373122,1.2210342577756,0.03161988416595937,455.46753246753246,2395.0,5.25833309572011,file 15,channel 1,1,zstack 7,20,"[2.93722401e+01 2.80664798e-02 2.29676302e-02 4.07843816e-03
 5.94356265e-03 6.18770814e-03 1.01600364e+01]"
861,633.6403229216565,250.46046611874257,5.005033500440741,4.160499230368381,0.24459899230977453,0.20332609545252478,1.2029886855663672,-0.749513643219312,827.6704545454545,3375.0,4.077709892222146,file 15,channel 1,1,zstack 7,21,"[4.06152362e+01 2.90312389e-02 2.80690110e-02 4.75511290e-03
 5.79783519e-03 5.10402143e-03 1.63125862e+01]"
862,95.6716513994395,273.06536102232695,4.549462905045588,3.5998107763979066,0.2223349837772031,0.17592491405607127,1.2638061241646528,1.6670732632094372,500.74545454545455,3661.0,7.311099814821539,file 15,channel 1,1,zstack 7,22,"[4.05768865e+01 1.77507392e-02 2.23889398e-02 5.77458295e-03
 5.56236808e-03 3.58611976e-03 1.23156104e+01]"
863,78.95838337194266,285.9915387604337,4.425637093643787,4.129122939067669,0.21628354202598332,0.20179271725757436,1.0718104447243872,0.624604255780601,639.1052631578947,2313.0,3.6191221279749652,file 15,channel 1,1,zstack 7,23,"[3.92105168e+01 4.11484994e-02 3.96431719e-02 7.81051754e-03
 9.58884238e-03 8.44357550e-03 1.36730500e+01]"
864,164.58237362367242,288.0488087164768,4.290619483887513,3.7653414796907545,0.20968515036935387,0.18401449891463284,1.1395034174270693,1.7319690645362469,592.031746031746,3219.0,5.437208429406403,file 15,channel 1,1,zstack 7,24,"[3.58495429e+01 1.96939015e-02 2.23634642e-02 5.56729775e-03
 5.97480935e-03 4.29167296e-03 1.07953770e+01]"
865,267.72421901695606,300.6505919106407,5.338482518544488,3.5741141025544003,0.26089484603536456,0.17466910217643428,1.4936519555234968,-0.6457319993266699,980.0410958904109,4573.0,4.6661308583649,file 15,channel 1,1,zstack 7,25,"[5.28424146e+01 2.82857757e-02 2.33281030e-02 4.07967979e-03
 6.49555158e-03 6.08540284e-03 1.87603845e+01]"
866,318.18737671986685,310.05137335484216,4.381317402561206,3.7441867092287433,0.21411761211216251,0.18298065258031823,1.1701653103361673,1.811597754978677,337.8493150684931,1756.0,5.197583424563111,file 15,channel 1,1,zstack 7,26,"[2.33543141e+01 2.44065091e-02 2.82876146e-02 6.99244865e-03
 7.32777190e-03 5.16227956e-03 7.15237047e+00]"
867,233.69346939199124,327.5732794914449,4.214231005871931,3.2433820127146866,0.2059519995832416,0.15850602636641703,1.2993322986164837,0.9855871116046282,441.6779661016949,1751.0,3.964426877470356,file 15,channel 1,1,zstack 7,27,"[3.85106714e+01 3.89510307e-02 4.55272071e-02 1.43902892e-02
 1.60516940e-02 1.04892494e-02 9.74610348e+00]"
868,105.06035613892932,336.8458654623942,4.30536827946593,3.8277571264641845,0.2104059328648049,0.18706478904831517,1.124775720408084,2.0506417282281184,514.964705882353,1946.0,3.7788997532669284,file 15,channel 1,1,zstack 7,28,"[3.41131516e+01 3.68177461e-02 4.01896191e-02 9.59314116e-03
 1.06926458e-02 8.00819858e-03 1.05296154e+01]"
869,227.45380327627345,412.03277877108627,4.462560159512541,3.7053208047569828,0.21808799442449162,0.1810812524927537,1.2043653963196372,0.8819877864615107,325.04615384615386,1666.0,5.125425975009466,file 15,channel 1,1,zstack 7,29,"[1.66845710e+01 1.86471914e-02 2.00693139e-02 4.75137364e-03
 5.48487828e-03 4.08826898e-03 5.15172147e+00]"
870,268.49765139940416,418.259788341703,5.0489984224153,3.6832538954311334,0.2467475844442743,0.18000282938449305,1.370798366270187,1.2453076400860787,595.5308641975308,3025.0,5.0795016377130064,file 15,channel 1,1,zstack 7,30,"[3.66491226e+01 2.21719476e-02 2.93204680e-02 6.63629279e-03
 6.02829467e-03 3.72571798e-03 1.26253293e+01]"
871,282.7899167386026,436.6021561027156,5.817046866796381,4.055643401357693,0.2842825730760505,0.1982017281307952,1.4343092553080554,0.7585265157262439,763.1847826086956,3095.0,4.055374360873342,file 15,channel 1,1,zstack 7,31,"[3.41632228e+01 2.87746180e-02 2.75610761e-02 4.10978541e-03
 5.36557226e-03 4.50722730e-03 1.58083243e+01]"
872,350.22532954316574,452.4809407520467,4.872571401325098,4.1661429397075525,0.23812548999254315,0.20360190691654975,1.1695641440634619,0.7620210824194278,984.9,5228.0,5.308153111991065,file 15,channel 1,1,zstack 7,32,"[4.87701404e+01 2.03682752e-02 2.00923367e-02 3.54825210e-03
 4.21815421e-03 3.65054328e-03 1.91278203e+01]"
873,446.48043266394717,482.85245355914805,6.533942990125398,4.934608468378693,0.3193177170649209,0.24115727870800868,1.3241056574184862,0.9750910980752693,702.875,2148.0,3.0560199181931353,file 15,channel 1,1,zstack 7,33,"[3.09520686e+01 3.93372488e-02 4.80011671e-02 5.41317054e-03
 4.88067579e-03 3.95796321e-03 2.00666767e+01]"
874,456.3614077065185,515.0743714000622,6.4658834103221885,4.13020733393631,0.3159916045353193,0.20184571228590178,1.5655106118268047,0.597707217350977,769.195652173913,2294.0,2.9823361501285928,file 15,channel 1,1,zstack 7,34,"[3.86227847e+01 6.29487250e-02 4.84312319e-02 5.57366459e-03
 8.96934038e-03 9.53816451e-03 2.00385424e+01]"
875,335.89856903171045,520.7278569259645,4.417217033151703,3.7152427242988466,0.21587204861412707,0.18156614265812518,1.1889444003918572,1.5649503015296014,736.987012987013,4259.0,5.778934940438429,file 15,channel 1,1,zstack 7,35,"[6.65591649e+01 2.73890074e-02 3.25735537e-02 8.14246795e-03
 8.29779067e-03 5.70030333e-03 2.03342594e+01]"
876,272.9867564143119,532.0652135951375,5.1675287645691546,3.3310162918863857,0.25254023343381904,0.16278876620727992,1.5513369829970824,0.7650512407012747,434.1224489795918,2105.0,4.8488623542685225,file 15,channel 1,1,zstack 7,37,"[3.06696214e+01 3.07416830e-02 3.02286763e-02 6.73439592e-03
 9.44659859e-03 6.97302698e-03 9.81823214e+00]"
877,446.71383426245995,532.350177903091,4.159247621396809,3.932273135113488,0.20326492857058776,0.1921725491449475,1.0577209360805937,1.5437044721971582,617.3170731707318,2653.0,4.297629395495851,file 15,channel 1,1,zstack 7,38,"[6.00303799e+01 4.40342090e-02 4.65781638e-02 1.10123200e-02
 1.26459038e-02 9.80912660e-03 1.83463709e+01]"
878,475.1894499235257,539.0698200474151,5.062522394387531,4.119130098414776,0.2474085090746773,0.20130436113492414,1.2290270696562398,0.4573016134611273,783.0340909090909,3507.0,4.478732204275328,file 15,channel 1,1,zstack 7,39,"[4.56925880e+01 3.35268920e-02 2.85864491e-02 4.50271217e-03
 6.15138759e-03 6.31239320e-03 1.85059798e+01]"
879,543.2755555337242,548.6222561737228,4.759482226854385,3.9304762184877093,0.23259875413468228,0.19208473275053348,1.2109174467122572,-0.07510882966457133,474.3536585365854,2250.0,4.743296398179808,file 15,channel 1,1,zstack 7,40,"[3.06182892e+01 3.13542384e-02 2.58997377e-02 4.53028647e-03
 6.51065358e-03 6.74220155e-03 1.07980956e+01]"
880,619.8264359781692,574.2976573696592,4.501756642357783,4.309854235927937,0.22000355007565545,0.21062516425058003,1.0445264261677585,2.063908211658994,909.8444444444444,5184.0,5.697677258627849,file 15,channel 1,1,zstack 7,41,"[6.08124405e+01 2.44774366e-02 2.52743508e-02 4.81299901e-03
 5.38199441e-03 4.49793268e-03 2.27474729e+01]"
881,598.0240144504033,576.839904702001,5.098728305346918,3.868769318905318,0.24917791368216763,0.1890690795176262,1.317919959825783,1.2447030903470937,886.5434782608696,5085.0,5.735759299673868,file 15,channel 1,1,zstack 7,42,"[4.92211845e+01 1.85690114e-02 2.37278951e-02 4.94915787e-03
 4.52189071e-03 2.96295765e-03 1.83638632e+01]"
